-- phpMyAdmin SQL Dump
-- version 4.0.4
-- http://www.phpmyadmin.net
--
-- Host: localhost
-- Generation Time: Jan 26, 2014 at 07:26 AM
-- Server version: 5.6.12-log
-- PHP Version: 5.4.16

SET SQL_MODE = "NO_AUTO_VALUE_ON_ZERO";
SET time_zone = "+00:00";


/*!40101 SET @OLD_CHARACTER_SET_CLIENT=@@CHARACTER_SET_CLIENT */;
/*!40101 SET @OLD_CHARACTER_SET_RESULTS=@@CHARACTER_SET_RESULTS */;
/*!40101 SET @OLD_COLLATION_CONNECTION=@@COLLATION_CONNECTION */;
/*!40101 SET NAMES utf8 */;

--
-- Database: `jkr_db`
--
CREATE DATABASE IF NOT EXISTS `jkr_db` DEFAULT CHARACTER SET latin1 COLLATE latin1_swedish_ci;
USE `jkr_db`;

-- --------------------------------------------------------

--
-- Table structure for table `broken_log`
--

CREATE TABLE IF NOT EXISTS `broken_log` (
  `bl_id` int(10) NOT NULL AUTO_INCREMENT,
  `bl_unit` varchar(200) NOT NULL,
  `bl_recorddate` datetime NOT NULL,
  `bl_settledate` datetime NOT NULL,
  `bl_repairstatus` int(11) NOT NULL,
  `bl_reason` varchar(2000) NOT NULL,
  `bl_harga` decimal(10,2) NOT NULL,
  `c_id` int(10) NOT NULL,
  `v_id` int(10) NOT NULL,
  `s_id` int(10) NOT NULL,
  `u_id` int(10) NOT NULL,
  `bl_remarks` varchar(2000) NOT NULL,
  `f_id` int(11) NOT NULL,
  `bl_status` int(11) NOT NULL,
  `bl_nodo` varchar(200) NOT NULL,
  `pe_id` int(11) NOT NULL,
  `bl_nosebutharga` varchar(200) NOT NULL,
  `jk_id` int(11) NOT NULL,
  `bl_nolo` varchar(200) DEFAULT NULL,
  `bl_date_nolo` datetime DEFAULT NULL,
  `bl_invoice` varchar(200) DEFAULT NULL,
  `bl_date_invoice` datetime DEFAULT NULL,
  `bl_voucher` varchar(200) DEFAULT NULL,
  `bl_date_voucher` datetime DEFAULT NULL,
  PRIMARY KEY (`bl_id`)
) ENGINE=InnoDB  DEFAULT CHARSET=latin1 AUTO_INCREMENT=207 ;

--
-- Dumping data for table `broken_log`
--

INSERT INTO `broken_log` (`bl_id`, `bl_unit`, `bl_recorddate`, `bl_settledate`, `bl_repairstatus`, `bl_reason`, `bl_harga`, `c_id`, `v_id`, `s_id`, `u_id`, `bl_remarks`, `f_id`, `bl_status`, `bl_nodo`, `pe_id`, `bl_nosebutharga`, `jk_id`, `bl_nolo`, `bl_date_nolo`, `bl_invoice`, `bl_date_invoice`, `bl_voucher`, `bl_date_voucher`) VALUES
(1, 'KR/001/2013', '2013-08-28 17:03:29', '2013-08-31 00:00:00', 1, '', '333.00', 6, 4, 4, 1, 'hahaha', 3, 2, '', 1, '', 2, '', '0000-00-00 00:00:00', '', '0000-00-00 00:00:00', '', '0000-00-00 00:00:00'),
(2, 'US/001/2013', '2013-08-28 17:33:44', '2013-08-30 00:00:00', 1, '', '444.00', 3, 4, 1, 1, 'ddd', 1, 2, '', 1, '', 1, '', '0000-00-00 00:00:00', '', '0000-00-00 00:00:00', '', '0000-00-00 00:00:00'),
(3, 'KB/001/2013', '2013-08-28 17:34:51', '2013-08-30 00:00:00', 1, '', '555.00', 1, 15, 3, 1, 'yayaya', 1, 2, '', 1, '', 3, '', '0000-00-00 00:00:00', '34dd', '2013-09-04 00:20:48', '', '0000-00-00 00:00:00'),
(9, 'ST/001/2013', '2013-09-13 10:26:14', '2013-09-13 00:00:00', 1, '', '10000.00', 10, 0, 0, 1, 'MINYAK HIDRAULIK H', 1, 2, '', 0, '', 0, NULL, NULL, NULL, NULL, NULL, NULL),
(10, 'JB/001/2013', '2013-09-13 11:54:08', '2013-01-30 00:00:00', 1, '', '1880.00', 33, 17, 2, 6, 'kerja2 menukar hyd hose swing, bckt, boom', 3, 2, '0274', 1, '', 2, NULL, NULL, NULL, NULL, NULL, NULL),
(11, 'JB/002/2013', '2013-09-13 15:33:24', '2013-09-13 00:00:00', 1, '', '2300.00', 3, 10, 2, 6, 'KERJA MENUKAR HYD PUMP', 3, 2, '0484', 1, '', 2, 'LO1231456', '2013-09-13 15:39:01', '2506', '2013-09-13 15:39:12', NULL, NULL),
(15, 'JB/003/2013', '2013-09-17 15:43:17', '2013-09-04 00:00:00', 1, '', '0.00', 7, 143, 2, 6, 'pembaikan', 1, 1, '007', 1, '', 2, NULL, NULL, NULL, NULL, NULL, NULL),
(16, 'JB/004/2013', '2013-09-18 16:22:12', '2013-09-18 00:00:00', 1, '', '0.00', 7, 19, 7, 6, 'KERJA MEMBAIKI ROLLER BEARING,GUIDE RING,BELTING,KERJA MEMBUKA DAN MEMASANG CONVEYOR,DRIVE MOTOR DRIVE GEAR,AIR COOLER', 3, 2, '0625', 1, '', 3, NULL, NULL, NULL, NULL, NULL, NULL),
(17, 'JB/005/2013', '2013-09-18 17:49:49', '2013-06-06 00:00:00', 1, '', '550.00', 27, 16, 1, 6, 'KERJA MENUKAR HOS', 3, 2, '02927', 1, '', 2, NULL, NULL, NULL, NULL, NULL, NULL),
(18, 'JB/006/2013', '2013-09-18 17:54:00', '2013-07-02 00:00:00', 1, '', '3080.00', 27, 14, 1, 6, 'KERJA MEMBAIKI BEARING TAYAR DAN KERJA MENUKAR HOS', 3, 2, '02925/02923', 1, '', 2, NULL, NULL, NULL, NULL, NULL, NULL),
(19, 'JB/007/2013', '2013-09-23 11:54:33', '2013-08-13 00:00:00', 1, '', '0.00', 25, 10, 0, 6, 'KERJA PEMBAIKAN SISTEM MINYAK', 3, 2, '4276', 1, '', 2, NULL, NULL, NULL, NULL, NULL, NULL),
(20, 'JB/008/2013', '2013-09-23 12:21:16', '0000-00-00 00:00:00', 1, '', '0.00', 25, 21, 2, 6, 'KERJA PEMBAIKAN SISTEM RADIATOR', 3, 2, '4278', 1, '', 2, NULL, NULL, NULL, NULL, NULL, NULL),
(21, 'JB/009/2013', '2013-09-23 12:24:56', '2013-07-09 00:00:00', 1, '', '2600.00', 1, 15, 1, 6, 'KERJA MEMBAIKI BEARING SHAFT TAYAR BELAKANG', 3, 2, '3796', 1, '', 2, NULL, NULL, NULL, NULL, NULL, NULL),
(22, 'JB/010/2013', '2013-09-23 12:32:19', '0000-00-00 00:00:00', 1, '', '1600.00', 1, 14, 1, 6, 'KERJA MEMBAIKI SILINDER PUMP', 3, 2, '3795', 1, '', 2, NULL, NULL, NULL, NULL, NULL, NULL),
(23, 'JB/011/2013', '2013-09-23 12:36:33', '2013-07-24 00:00:00', 1, '', '3500.00', 1, 21, 2, 6, 'KERJA PEMBAIKAN SILINDER PUMP,UNIVERSAL COUPLING', 3, 2, '3810', 1, '', 2, NULL, NULL, NULL, NULL, NULL, NULL),
(24, 'JB/012/2013', '2013-09-23 12:47:42', '2013-08-05 00:00:00', 1, '', '2989.00', 1, 21, 2, 6, 'BUCKET TOOTH', 4, 2, '3829', 1, '', 2, NULL, NULL, NULL, NULL, NULL, NULL),
(25, 'JB/013/2013', '2013-09-23 12:58:24', '2013-08-02 00:00:00', 1, '', '1180.00', 1, 16, 1, 6, 'KERJA PEMBAIKAN CONTROL VALVE', 3, 2, '3757', 1, '', 2, NULL, NULL, NULL, NULL, NULL, NULL),
(26, 'JB/014/2013', '2013-09-25 15:07:00', '2013-08-01 00:00:00', 1, '', '0.00', 3, 14, 1, 6, 'kerja pembaikan sitem control valve dan main pump kit', 3, 2, '625', 1, '', 2, NULL, NULL, NULL, NULL, NULL, NULL),
(27, 'JB/015/2013', '2013-09-25 17:59:05', '2013-08-05 00:00:00', 1, '', '4730.00', 3, 15, 1, 6, 'kerja membaiki hydraulik pump', 3, 2, '0626', 1, '', 2, NULL, NULL, NULL, NULL, NULL, NULL),
(28, 'US/002/2013', '2013-09-26 16:30:57', '0000-00-00 00:00:00', 1, '', '3185.00', 1, 178, 11, 7, 'SISTEM CLUTCH', 1, 2, '3513', 1, '', 2, NULL, NULL, NULL, NULL, NULL, NULL),
(29, 'US/003/2013', '2013-09-26 16:42:46', '0000-00-00 00:00:00', 1, '', '260.00', 1, 168, 11, 7, 'KERJA-KERJA PEMBAIKAN SISTEM AIRCOND', 1, 2, '3566', 1, '', 2, NULL, NULL, NULL, NULL, NULL, NULL),
(30, 'US/004/2013', '2013-09-26 16:46:41', '0000-00-00 00:00:00', 1, '', '1305.00', 7, 172, 7, 7, 'KERJA-KERJA PEMBAIKAN SISTEM AIRCOND', 1, 2, '0514', 1, '', 2, NULL, NULL, NULL, NULL, NULL, NULL),
(32, 'US/005/2013', '2013-09-26 17:09:13', '0000-00-00 00:00:00', 1, '', '791.00', 8, 165, 11, 7, 'KERJA-KERJA PEMBAIKAN SISTEM CLUTCH', 1, 2, '9354', 1, '', 2, NULL, NULL, NULL, NULL, NULL, NULL),
(33, 'US/006/2013', '2013-09-26 17:14:53', '0000-00-00 00:00:00', 1, '', '730.00', 8, 163, 11, 7, 'KERJA-KERJA PEMBAIKAN SISTEM AIRCOND', 1, 2, '9360', 1, '', 2, NULL, NULL, NULL, NULL, NULL, NULL),
(34, 'US/007/2013', '2013-09-26 17:20:49', '0000-00-00 00:00:00', 1, '', '6248.00', 8, 165, 11, 7, 'KERJA-KERJA PEMBAIKAN SISTEM WIRING', 1, 2, '6248', 1, '', 2, NULL, NULL, NULL, NULL, NULL, NULL),
(35, 'US/008/2013', '2013-09-26 17:24:39', '2013-06-14 00:00:00', 1, '', '290.00', 5, 132, 2, 7, 'MENGECAT KENDERAAN', 2, 2, '0486', 1, '', 2, NULL, NULL, NULL, NULL, NULL, NULL),
(36, 'US/009/2013', '2013-09-27 10:55:16', '2013-05-15 00:00:00', 1, '', '1154.00', 5, 132, 2, 7, 'MENGECAT KENDERAAN', 2, 2, '0486', 1, '', 2, NULL, NULL, NULL, NULL, NULL, NULL),
(37, 'US/010/2013', '2013-09-27 11:05:26', '0000-00-00 00:00:00', 1, '', '395.00', 34, 149, 3, 7, 'KERJA-KERJA PEMBAIKAN SISTEM AIRCOND', 1, 2, '0192', 1, '', 2, NULL, NULL, NULL, NULL, NULL, NULL),
(38, 'US/011/2013', '2013-09-27 16:15:38', '0000-00-00 00:00:00', 1, '', '410.00', 34, 179, 11, 7, 'KERJA-KERJA PEMBAIKAN SISTEM AIRCOND', 1, 2, '0193', 1, '', 2, NULL, NULL, NULL, NULL, NULL, NULL),
(39, 'US/012/2013', '2013-09-27 16:23:11', '0000-00-00 00:00:00', 1, '', '625.00', 34, 150, 3, 7, 'KERJA-KERJA PEMBAIKAN SISTEM AIRCOND', 1, 2, '0191', 1, '', 2, NULL, NULL, NULL, NULL, NULL, NULL),
(40, 'US/013/2013', '2013-09-27 16:36:31', '0000-00-00 00:00:00', 1, '', '1078.00', 38, 93, 7, 7, 'KERJA-KERJA PEMBAIKAN SISTEM AIRCOND', 1, 2, '0003', 1, '', 2, NULL, NULL, NULL, NULL, NULL, NULL),
(41, 'US/014/2013', '2013-09-27 16:58:15', '0000-00-00 00:00:00', 1, '', '235.00', 38, 172, 7, 7, 'KERJA-KERJA PEMBAIKAN SISTEM AIRCOND', 1, 2, '0114', 1, '', 2, NULL, NULL, NULL, NULL, NULL, NULL),
(42, 'US/015/2013', '2013-09-27 17:41:44', '0000-00-00 00:00:00', 1, '', '600.00', 8, 190, 1, 7, 'RADIATOR FAN', 1, 2, '6236', 1, '', 2, NULL, NULL, NULL, NULL, NULL, NULL),
(44, 'US/016/2013', '2013-10-01 15:04:19', '0000-00-00 00:00:00', 1, '', '44.00', 5, 46, 3, 7, 'MENGECAT & WELDING', 4, 2, '0384', 1, '', 2, NULL, NULL, NULL, NULL, NULL, NULL),
(46, 'US/017/2013', '2013-10-01 15:38:39', '0000-00-00 00:00:00', 1, '', '413.40', 2, 82, 7, 7, 'TOWING KERETA DARI BUKIT BINTANG KE JALAN IPOH', 3, 2, 'SF 5022389', 1, '', 2, NULL, NULL, NULL, NULL, NULL, NULL),
(47, 'US/018/2013', '2013-10-01 17:15:09', '2013-10-01 00:00:00', 1, '', '215.00', 5, 166, 0, 7, 'MEMBAIKI WACKER MACHINE', 1, 1, '', 0, '', 0, NULL, NULL, NULL, NULL, NULL, NULL),
(48, 'US/019/2013', '2013-10-02 11:38:35', '0000-00-00 00:00:00', 1, '', '645.00', 8, 91, 0, 7, 'PEMBAIKAN SISTEM GEAR BOX', 3, 2, '9355', 1, '', 2, NULL, NULL, NULL, NULL, NULL, NULL),
(49, 'US/020/2013', '2013-10-02 11:58:28', '0000-00-00 00:00:00', 1, '', '965.00', 8, 74, 2, 7, 'MEMBAIKI SISTEM EKZOS', 3, 2, '9353', 1, '', 2, NULL, NULL, NULL, NULL, NULL, NULL),
(50, 'US/021/2013', '2013-10-02 12:05:04', '0000-00-00 00:00:00', 1, '', '1480.00', 8, 69, 1, 7, 'PEMBAIKAN SISTEM WIRING', 3, 2, '6250', 1, '', 2, NULL, NULL, NULL, NULL, NULL, NULL),
(51, 'US/022/2013', '2013-10-02 12:09:55', '0000-00-00 00:00:00', 1, '', '1711.00', 8, 95, 1, 7, 'PEMBAIKAN SISTEM POWER STERENG', 3, 2, '6249', 1, '', 2, NULL, NULL, NULL, NULL, NULL, NULL),
(52, 'US/023/2013', '2013-10-02 12:16:53', '0000-00-00 00:00:00', 1, '', '1780.00', 1, 66, 1, 7, 'KERJA-KERJA MENGECAT', 3, 2, '3809', 1, '', 2, NULL, NULL, NULL, NULL, NULL, NULL),
(53, 'US/024/2013', '2013-10-02 12:30:20', '0000-00-00 00:00:00', 1, '', '215.00', 5, 207, 2, 7, 'MEMBAIKI MESIN WACKER', 4, 2, '0382', 1, '', 2, NULL, NULL, NULL, NULL, NULL, NULL),
(56, 'US/025/2013', '2013-10-02 16:22:42', '0000-00-00 00:00:00', 1, '', '250.00', 5, 55, 7, 7, 'LOGO JKR', 4, 2, '0006', 1, '', 2, NULL, NULL, NULL, NULL, NULL, NULL),
(57, 'US/026/2013', '2013-10-02 16:25:24', '0000-00-00 00:00:00', 1, '', '180.00', 5, 85, 3, 7, 'LOGO JKR', 4, 2, '0004', 1, '', 2, NULL, NULL, NULL, NULL, NULL, NULL),
(58, 'US/027/2013', '2013-10-02 18:17:21', '0000-00-00 00:00:00', 1, '', '180.00', 5, 84, 7, 7, 'LOGO JKR', 4, 2, '0005', 1, '', 2, NULL, NULL, NULL, NULL, NULL, NULL),
(60, 'US/028/2013', '2013-10-02 18:28:32', '0000-00-00 00:00:00', 1, '', '148.00', 5, 208, 3, 7, 'WACKER MACHINE', 4, 2, '0381', 1, '', 2, NULL, NULL, NULL, NULL, NULL, NULL),
(61, 'KR/002/2013', '2013-10-03 08:15:45', '0000-00-00 00:00:00', 2, '', '3500.00', 14, 186, 2, 5, 'MEMBAIKIN BUMPER,SIDE PANEL,FLOOR,DOOR SCREEN ;REGULATOR ASSY,LOGO,DAN MENGECAT FRONT CAB', 1, 2, '0616', 1, '', 2, NULL, NULL, NULL, NULL, NULL, NULL),
(62, 'US/029/2013', '2013-10-04 08:09:55', '0000-00-00 00:00:00', 1, '', '907.00', 5, 55, 7, 7, 'MENGECAT KENDERAAN', 4, 2, '0015', 1, '', 2, NULL, NULL, NULL, NULL, NULL, NULL),
(63, 'US/030/2013', '2013-10-04 08:21:57', '0000-00-00 00:00:00', 1, '', '3355.00', 5, 85, 3, 7, 'MENGECAT', 4, 2, '0488', 1, '', 2, NULL, NULL, NULL, NULL, NULL, NULL),
(64, 'US/031/2013', '2013-10-04 10:55:01', '0000-00-00 00:00:00', 1, '', '3844.00', 7, 91, 2, 7, 'MEMBAIKI SISTEM WIRING & SISTEM ABS', 3, 2, '0609', 1, '', 2, NULL, NULL, NULL, NULL, NULL, NULL),
(65, 'US/032/2013', '2013-10-04 11:34:57', '0000-00-00 00:00:00', 1, '', '660.00', 7, 24, 11, 7, 'KERJA-KERJA WIRING', 3, 2, '0608', 1, '', 2, NULL, NULL, NULL, NULL, NULL, NULL),
(66, 'US/033/2013', '2013-10-04 14:29:42', '0000-00-00 00:00:00', 1, '', '2363.00', 7, 94, 1, 7, 'KERJA-KERJA SISTEM WIRING', 3, 2, '0610', 1, '', 2, NULL, NULL, NULL, NULL, NULL, NULL),
(67, 'US/034/2013', '2013-10-04 14:35:19', '0000-00-00 00:00:00', 1, '', '764.00', 15, 80, 7, 7, 'KERJA-KERJA PEMBAIKAN SISTEM ABSORBER', 4, 2, '1853', 1, '', 2, NULL, NULL, NULL, NULL, NULL, NULL),
(68, 'US/035/2013', '2013-10-04 14:40:21', '0000-00-00 00:00:00', 1, '', '830.00', 38, 90, 2, 7, 'KERJA-KERJA PEMBAIKAN SISTEM AIRCOND', 3, 2, '0001', 1, '', 2, NULL, NULL, NULL, NULL, NULL, NULL),
(69, 'US/036/2013', '2013-10-04 14:51:33', '0000-00-00 00:00:00', 1, '', '706.00', 38, 85, 3, 7, 'SISTEM AIRCOND', 3, 2, '0002', 1, '', 2, NULL, NULL, NULL, NULL, NULL, NULL),
(70, 'US/037/2013', '2013-10-04 16:57:45', '0000-00-00 00:00:00', 1, '', '235.00', 6, 110, 0, 7, 'SISTEM AIRCOND', 3, 2, '0456', 1, '', 2, NULL, NULL, NULL, NULL, NULL, NULL),
(71, 'US/038/2013', '2013-10-04 17:08:49', '2013-03-30 00:00:00', 1, '', '30.00', 6, 74, 2, 7, 'TAMBAH GAS AIRCOND', 3, 2, '0458', 1, '', 2, NULL, NULL, NULL, NULL, NULL, NULL),
(72, 'US/039/2013', '2013-10-07 09:48:26', '2013-07-10 00:00:00', 1, '', '413.00', 6, 87, 3, 7, 'SISTEM AIRCOND', 3, 2, '0483', 1, '', 2, NULL, NULL, NULL, NULL, NULL, NULL),
(74, 'US/041/2013', '2013-10-07 10:33:45', '0000-00-00 00:00:00', 1, '', '1970.00', 7, 95, 1, 7, 'SISTEM ABSORBER', 3, 2, '0426', 1, '', 2, NULL, NULL, NULL, NULL, NULL, NULL),
(75, 'US/042/2013', '2013-10-07 11:01:07', '0000-00-00 00:00:00', 1, '', '620.00', 5, 172, 7, 7, 'EKZOS', 1, 2, '0354', 1, '', 2, NULL, NULL, NULL, NULL, NULL, NULL),
(76, 'US/043/2013', '2013-10-07 11:29:39', '0000-00-00 00:00:00', 1, '', '2862.00', 8, 95, 1, 7, 'SISTEM STERENG BOX', 3, 2, '6230', 1, '', 2, NULL, NULL, NULL, NULL, NULL, NULL),
(77, 'US/044/2013', '2013-10-07 11:39:10', '2013-06-12 00:00:00', 1, '', '150.00', 5, 96, 1, 7, 'TANGKI MINYAK', 3, 2, '0270', 1, '', 2, NULL, NULL, NULL, NULL, NULL, NULL),
(78, '00/003/2013', '2013-10-10 08:21:34', '2013-10-14 00:00:00', 1, '', '2705.00', 14, 153, 2, 5, 'clutch disc,clutch pressure plate c/release bearing,fly bearing.', 2, 2, '0620', 1, '', 3, NULL, NULL, NULL, NULL, NULL, NULL),
(79, 'US/045/2013', '2013-10-18 08:30:37', '2013-10-01 00:00:00', 1, '', '305.00', 1, 56, 3, 7, 'SISTEM AIRCOND', 3, 2, '3858', 1, '', 2, NULL, NULL, NULL, NULL, NULL, NULL),
(80, 'US/046/2013', '2013-10-18 09:47:45', '2013-07-03 00:00:00', 1, '', '69.00', 5, 209, 3, 7, 'SERVIS MESIN CAT', 4, 2, '0012', 1, '', 1, NULL, NULL, NULL, NULL, NULL, NULL),
(81, 'US/047/2013', '2013-10-18 09:51:50', '0000-00-00 00:00:00', 1, '', '65.00', 5, 209, 3, 7, 'TAYAR TROLLEY', 4, 2, '0276', 1, '', 2, NULL, NULL, NULL, NULL, NULL, NULL),
(83, 'US/048/2013', '2013-10-18 09:59:33', '0000-00-00 00:00:00', 1, '', '2496.00', 8, 189, 8, 7, 'CERMIN HADAPAN', 1, 2, '9367', 1, '', 2, NULL, NULL, NULL, NULL, NULL, NULL),
(84, 'US/049/2013', '2013-10-18 10:33:07', '2013-08-07 00:00:00', 1, '', '473.00', 5, 208, 3, 7, 'FUEL TANK', 4, 2, '0297', 1, '', 2, NULL, NULL, NULL, NULL, NULL, NULL),
(85, 'US/050/2013', '2013-10-18 10:43:35', '0000-00-00 00:00:00', 1, '', '511.00', 5, 210, 3, 7, 'SERVIS ', 4, 2, '0375', 1, '', 2, NULL, NULL, NULL, NULL, NULL, NULL),
(86, 'US/051/2013', '2013-10-18 10:57:08', '2013-09-06 00:00:00', 1, '', '223.00', 6, 74, 2, 7, 'SISTEM AIRCOND', 3, 2, '0498', 1, '', 2, NULL, NULL, NULL, NULL, NULL, NULL),
(87, 'US/052/2013', '2013-10-18 11:50:32', '2013-09-20 00:00:00', 1, '', '205.00', 6, 32, 2, 7, 'SISTEM AIRCOND', 3, 2, '0499', 1, '', 2, NULL, NULL, NULL, NULL, NULL, NULL),
(88, 'KB/002/2013', '2013-10-21 08:31:15', '2013-10-25 00:00:00', 1, '', '2705.00', 14, 153, 2, 5, 'clutch over houl', 2, 2, '0620', 1, '', 3, NULL, NULL, NULL, NULL, NULL, NULL),
(89, 'US/053/2013', '2013-10-21 13:38:05', '2013-07-17 00:00:00', 1, '', '760.00', 8, 63, 3, 7, 'BATERI', 3, 2, '6247', 1, '', 2, NULL, NULL, NULL, NULL, NULL, NULL),
(90, 'US/054/2013', '2013-10-21 13:46:32', '0000-00-00 00:00:00', 1, '', '1330.00', 8, 82, 7, 7, 'SISTEM AIRCOND', 3, 2, '6233', 1, '', 2, NULL, NULL, NULL, NULL, NULL, NULL),
(91, 'US/055/2013', '2013-10-21 14:52:28', '0000-00-00 00:00:00', 1, '', '4980.00', 8, 83, 7, 7, 'SISTEM POWER STERENG', 3, 2, '6245', 1, '', 2, NULL, NULL, NULL, NULL, NULL, NULL),
(92, 'US/056/2013', '2013-10-21 15:05:27', '0000-00-00 00:00:00', 1, '', '2945.00', 8, 57, 3, 7, 'ABSORBER, CANVAS, WIRING', 3, 2, '9368', 1, '', 2, NULL, NULL, NULL, NULL, NULL, NULL),
(93, 'US/057/2013', '2013-10-21 15:13:27', '0000-00-00 00:00:00', 1, '', '2245.00', 8, 67, 1, 7, 'SISTEM AIRCOND', 3, 2, '9359', 1, '', 2, NULL, NULL, NULL, NULL, NULL, NULL),
(94, 'US/058/2013', '2013-10-21 16:27:06', '0000-00-00 00:00:00', 1, '', '1280.00', 8, 59, 3, 7, 'SISTEM AIRCOND', 3, 2, '9358', 1, '', 2, NULL, NULL, NULL, NULL, NULL, NULL),
(95, 'US/059/2013', '2013-10-21 16:32:27', '0000-00-00 00:00:00', 1, '', '4500.00', 8, 29, 3, 7, 'MENGECAT', 3, 2, '9356', 1, '', 2, NULL, NULL, NULL, NULL, NULL, NULL),
(96, 'US/060/2013', '2013-10-22 18:07:30', '0000-00-00 00:00:00', 1, '', '1230.00', 8, 83, 7, 7, 'BUMPER DEPAN', 3, 2, '9352', 1, '', 2, NULL, NULL, NULL, NULL, NULL, NULL),
(97, 'US/061/2013', '2013-10-22 18:13:28', '0000-00-00 00:00:00', 1, '', '1446.00', 8, 100, 7, 7, 'SISTEM BRAKE', 3, 2, '6225', 1, '', 2, NULL, NULL, NULL, NULL, NULL, NULL),
(98, 'US/062/2013', '2013-10-22 18:18:12', '2013-10-09 00:00:00', 1, '', '580.00', 8, 98, 7, 7, 'SISTEM AIRCOND', 3, 2, '6219', 1, '', 2, NULL, NULL, NULL, NULL, NULL, NULL),
(99, 'US/063/2013', '2013-10-22 18:28:11', '0000-00-00 00:00:00', 1, '', '1445.00', 8, 83, 7, 7, 'SISTEM AIRCOND', 3, 2, '6227', 1, '', 2, NULL, NULL, NULL, NULL, NULL, NULL),
(100, 'US/064/2013', '2013-10-22 18:36:24', '0000-00-00 00:00:00', 1, '', '1559.00', 8, 105, 9, 7, 'SISTEM CLUTCH', 3, 2, '6216', 1, '', 2, NULL, NULL, NULL, NULL, NULL, NULL),
(101, 'US/065/2013', '2013-10-23 08:11:39', '0000-00-00 00:00:00', 1, '', '1741.00', 8, 106, 9, 7, 'BELTING DAN SISTEM ENJIN', 3, 2, '6221', 1, '', 2, NULL, NULL, NULL, NULL, NULL, NULL),
(102, 'US/066/2013', '2013-10-23 09:02:53', '0000-00-00 00:00:00', 1, '', '1651.00', 8, 105, 9, 7, 'SISTEM AIRCOND', 3, 2, '6215', 1, '', 2, NULL, NULL, NULL, NULL, NULL, NULL),
(103, 'KR/003/2013', '2013-10-23 09:34:05', '2013-10-21 00:00:00', 1, '', '2955.00', 39, 55, 7, 5, 'BAIKI AIR COND', 1, 2, '71', 1, '', 3, NULL, NULL, NULL, NULL, NULL, NULL),
(104, 'KR/004/2013', '2013-10-23 10:00:30', '2013-10-23 00:00:00', 1, '', '3462.00', 3, 114, 3, 5, 'SERVIS FUEL PUMP', 1, 2, '645', 1, '', 3, NULL, NULL, NULL, NULL, NULL, NULL),
(105, 'KR/005/2013', '2013-10-23 15:28:47', '2013-10-22 00:00:00', 1, '', '2160.00', 41, 194, 4, 5, 'BAIKI STEERING,BRAKE,UNIVERSAL JOINT', 1, 2, '11', 1, '', 3, NULL, NULL, NULL, NULL, NULL, NULL),
(107, 'US/067/2013', '2013-10-23 16:31:29', '2013-10-02 00:00:00', 1, '', '6440.00', 1, 66, 1, 7, 'MENGECAT ', 3, 2, '3857', 1, '', 2, NULL, NULL, NULL, NULL, NULL, NULL),
(108, 'US/068/2013', '2013-10-25 08:24:53', '0000-00-00 00:00:00', 1, '', '9758.00', 42, 0, 11, 7, 'MINYAK', 4, 2, '', 2, '', 1, NULL, NULL, NULL, NULL, NULL, NULL),
(109, 'US/069/2013', '2013-10-25 08:44:24', '2013-06-04 00:00:00', 1, '', '80.00', 5, 208, 3, 7, 'SERVIS', 4, 2, '0269', 1, '', 1, NULL, NULL, NULL, NULL, NULL, NULL),
(110, 'KR/006/2013', '2013-10-25 15:51:54', '2013-10-25 00:00:00', 1, '', '2200.00', 1, 56, 3, 5, 'TAIL GATE MOTOR ROSAK', 1, 2, '3865', 1, '', 3, NULL, NULL, NULL, NULL, NULL, NULL),
(111, 'KR/007/2013', '2013-10-29 08:35:56', '0000-00-00 00:00:00', 1, '', '1770.00', 14, 111, 3, 5, 'BRAKE DAN CLUTCH', 3, 2, '622', 1, '', 2, NULL, NULL, NULL, NULL, NULL, NULL),
(113, 'KR/009/2013', '2013-10-29 09:46:21', '2013-10-24 00:00:00', 1, '', '5017.00', 1, 90, 2, 5, 'OVER HOUL ENGINE', 3, 2, '3866', 1, '', 3, NULL, NULL, NULL, NULL, NULL, NULL),
(114, 'KR/010/2013', '2013-10-29 10:19:37', '0000-00-00 00:00:00', 1, '', '4740.00', 1, 90, 2, 5, 'OVER HOUL CLUTCH', 4, 2, '3867', 1, '', 3, NULL, NULL, NULL, NULL, NULL, NULL),
(115, 'KR/011/2013', '2013-10-29 16:15:41', '2013-10-29 00:00:00', 1, '', '4740.00', 1, 90, 2, 5, 'CLUTCH OVER HOUL', 4, 1, '3867', 1, '', 3, NULL, NULL, NULL, NULL, NULL, NULL),
(116, 'US/070/2013', '2013-10-29 16:53:46', '0000-00-00 00:00:00', 1, '', '214.00', 5, 209, 3, 7, 'EKZOS MESIN CAT', 4, 2, '0352', 1, '', 2, NULL, NULL, NULL, NULL, NULL, NULL),
(117, 'US/071/2013', '2013-10-29 16:58:45', '0000-00-00 00:00:00', 1, '', '56.00', 5, 208, 2, 7, 'SISTEM ENJIN', 4, 2, '0357', 1, '', 2, NULL, NULL, NULL, NULL, NULL, NULL),
(118, 'US/072/2013', '2013-10-29 17:02:29', '0000-00-00 00:00:00', 1, '', '760.00', 5, 207, 2, 7, 'SISTEM HIDROLIK', 4, 2, '0353', 1, '', 2, NULL, NULL, NULL, NULL, NULL, NULL),
(119, 'KR/012/2013', '2013-11-06 14:50:57', '2013-10-29 00:00:00', 1, '', '2665.00', 14, 112, 3, 5, 'SHOCK ABSORBER,SPEEDOMETER ASSEMBLY,DOOR LOCK,LONG LIGHT ASSEMBLY,AND SIDE MIRROR', 3, 2, '0623', 1, '', 2, NULL, NULL, NULL, NULL, NULL, NULL),
(120, 'US/073/2013', '2013-10-30 15:17:59', '2013-10-23 00:00:00', 1, '', '770.00', 8, 189, 8, 7, 'PINTU DEPAN KEBOCORAN APABILA HUJAN', 1, 2, '9357', 1, '', 2, NULL, NULL, NULL, NULL, NULL, NULL),
(121, 'US/074/2013', '2013-10-30 15:25:13', '2013-09-24 00:00:00', 1, '', '2425.00', 8, 28, 3, 7, 'SISTEM AIRCOND', 3, 2, '9374', 1, '', 2, NULL, NULL, NULL, NULL, NULL, NULL),
(122, 'US/075/2013', '2013-10-30 15:32:56', '2013-09-18 00:00:00', 1, '', '515.00', 8, 107, 10, 7, 'SISTEM ALARM', 3, 2, '9373', 1, '', 2, NULL, NULL, NULL, NULL, NULL, NULL),
(123, 'US/076/2013', '2013-10-30 15:42:41', '2013-09-30 00:00:00', 1, '', '2675.00', 8, 98, 7, 7, 'SISTEMA AIRCOND', 3, 2, '9376', 1, '', 2, NULL, NULL, NULL, NULL, NULL, NULL),
(124, 'US/077/2013', '2013-10-31 11:41:03', '2013-10-01 00:00:00', 1, '', '6865.00', 1, 112, 9, 7, 'MENGECAT DAN SISTEM CLUTCH', 3, 2, '3872', 1, '', 2, NULL, NULL, NULL, NULL, NULL, NULL),
(125, 'US/078/2013', '2013-10-31 14:53:15', '0000-00-00 00:00:00', 1, '', '2500.00', 7, 91, 2, 7, 'SISTEM ALARM', 3, 2, '0544', 1, '', 2, NULL, NULL, NULL, NULL, NULL, NULL),
(126, 'US/079/2013', '2013-11-01 10:23:48', '2013-09-16 00:00:00', 1, '', '874.00', 5, 209, 3, 7, 'SISTEM BAHAN BAKAR', 3, 2, '0040', 1, '', 2, NULL, NULL, NULL, NULL, NULL, NULL),
(127, 'US/080/2013', '2013-11-01 12:38:03', '0000-00-00 00:00:00', 1, '', '320.00', 5, 211, 1, 7, 'FUEL TANK', 4, 2, '0041', 1, '', 2, NULL, NULL, NULL, NULL, NULL, NULL),
(128, 'US/081/2013', '2013-11-01 12:43:04', '2013-06-18 00:00:00', 1, '', '5050.00', 7, 48, 3, 7, 'MEMBUAT LANTAI KAYU,DAN BUMBUNG LORI', 3, 2, '0539', 1, '', 2, NULL, NULL, NULL, NULL, NULL, NULL),
(129, 'US/082/2013', '2013-11-01 12:48:59', '0000-00-00 00:00:00', 1, '', '1224.00', 8, 68, 9, 7, 'SISTEM CLUTCH PUMP', 3, 2, '3536', 1, '', 2, NULL, NULL, NULL, NULL, NULL, NULL),
(130, 'US/083/2013', '2013-11-01 12:53:59', '0000-00-00 00:00:00', 1, '', '2881.00', 7, 91, 2, 7, 'SISTEM CLUTCH', 3, 2, '0130', 1, '', 2, 'L130280000969', '2013-12-24 17:09:20', '1220', '2013-12-24 17:09:20', 'V0001740', '2013-12-24 17:09:20'),
(131, 'US/084/2013', '2013-11-01 13:58:46', '0000-00-00 00:00:00', 1, '', '1330.00', 7, 72, 2, 7, 'SISTEM FUEL PUMP,NOZZLE & FAN CLUTCH', 3, 2, '0540', 1, '', 2, NULL, NULL, NULL, NULL, NULL, NULL),
(132, 'US/085/2013', '2013-11-04 08:30:25', '0000-00-00 00:00:00', 1, '', '570.00', 34, 26, 7, 7, 'SISTEM AIRCOND', 3, 2, '0184', 1, '', 2, NULL, NULL, NULL, NULL, NULL, NULL),
(133, 'US/086/2013', '2013-11-04 10:09:26', '0000-00-00 00:00:00', 1, '', '585.00', 34, 32, 2, 7, 'SISTEM AIRCOND', 3, 2, '0180', 1, '', 2, NULL, NULL, NULL, NULL, NULL, NULL),
(134, 'US/087/2013', '2013-11-04 10:18:09', '0000-00-00 00:00:00', 1, '', '2256.00', 21, 72, 2, 7, 'SISTEM BREK', 3, 2, '0511', 1, '', 2, NULL, NULL, NULL, NULL, NULL, NULL),
(135, 'KR/013/2013', '2013-11-06 15:24:12', '2013-11-01 00:00:00', 1, '', '865.00', 1, 46, 7, 5, 'BAIKI AIR COND', 3, 1, '3877', 1, '', 2, NULL, NULL, NULL, NULL, NULL, NULL),
(136, 'KR/014/2013', '2013-11-06 16:09:27', '2013-11-01 00:00:00', 1, '', '4740.00', 1, 90, 2, 5, 'OVERHAUL CLUTCH\r\nSET TIMING \r\nCRANKSHAFT PULLEY\r\n', 4, 2, '3867', 1, '', 3, NULL, NULL, NULL, NULL, NULL, NULL),
(137, 'KR/015/2013', '2013-11-08 08:45:49', '2013-10-24 00:00:00', 1, '', '3645.00', 39, 174, 2, 5, 'BAIKI KEROSAKAN AIRCOND DAN SERVIS FUELPUMP', 1, 1, '00071', 1, 'TIADA', 3, NULL, NULL, NULL, NULL, NULL, NULL),
(138, 'KR/016/2013', '2013-11-06 16:26:00', '2013-10-24 00:00:00', 1, '', '3645.00', 39, 174, 2, 5, 'BAIKI KEROSAKAN AIRCOND DAN SERVIS FUELPUMP', 1, 2, '00071', 1, 'TIADA', 3, NULL, NULL, NULL, NULL, NULL, NULL),
(141, 'KR/019/2013', '2013-11-08 09:12:26', '2013-11-08 00:00:00', 1, '', '6676.00', 1, 117, 4, 5, 'MENGECAT, MENGETOK,GANTI KUSYEN,LOGO', 3, 2, '3900', 1, '', 3, NULL, NULL, NULL, NULL, NULL, NULL),
(142, 'JB/016/2013', '2013-11-08 10:20:13', '0000-00-00 00:00:00', 1, '', '0.00', 3, 0, 0, 6, '', 1, 2, '0661', 1, '', 2, NULL, NULL, NULL, NULL, NULL, NULL),
(143, 'JB/017/2013', '2013-11-08 10:32:05', '2013-10-25 00:00:00', 1, '', '0.00', 1, 16, 0, 6, '', 3, 2, '3899', 1, '', 2, NULL, NULL, NULL, NULL, NULL, NULL),
(144, 'JB/018/2013', '2013-11-08 10:53:41', '2013-10-25 00:00:00', 1, '', '0.00', 1, 16, 0, 6, '', 3, 2, '', 1, '', 1, NULL, NULL, NULL, NULL, NULL, NULL),
(145, 'JB/019/2013', '2013-11-08 11:08:48', '2013-11-26 00:00:00', 1, '', '0.00', 1, 16, 0, 6, '', 3, 2, '3883', 1, '', 2, NULL, NULL, NULL, NULL, NULL, NULL),
(146, 'JB/020/2013', '2013-11-08 11:11:29', '0000-00-00 00:00:00', 1, '', '0.00', 1, 19, 0, 6, '', 3, 2, '3884', 1, '', 2, NULL, NULL, NULL, NULL, NULL, NULL),
(147, 'KB/003/2013', '2013-11-11 11:51:22', '2013-11-04 00:00:00', 1, '', '3080.00', 14, 153, 2, 5, 'FLY WHEEL ROSAK\r\n', 1, 2, '0621', 1, '', 3, NULL, NULL, NULL, NULL, NULL, NULL),
(149, 'KR/021/2013', '2013-11-11 12:23:41', '2013-11-11 00:00:00', 1, '', '7616.00', 1, 77, 3, 5, 'MENGECAT,MENGETUK,BAIKI KUSYEN,MEMBUAT LOGO JKR', 3, 2, '3900', 1, '', 3, NULL, NULL, NULL, NULL, NULL, NULL),
(150, 'JB/021/2013', '2013-11-11 16:10:01', '2013-09-04 00:00:00', 1, '', '3600.00', 1, 139, 3, 6, 'KERJA PEMBAIKAN AXLE DAN SISTEM HYDRAULIK ', 1, 2, '3903', 1, '', 2, NULL, NULL, NULL, NULL, NULL, NULL),
(151, 'JB/022/2013', '2013-11-11 16:13:47', '2013-09-12 00:00:00', 1, '', '2800.00', 1, 134, 2, 6, 'KERJA PEMBAIKAN SISTEM CIRCLE HYDRAULIK SILINDER', 1, 2, '3904', 1, '', 2, NULL, NULL, NULL, NULL, NULL, NULL),
(152, 'KR/022/2013', '2013-11-11 16:26:39', '2013-10-02 00:00:00', 1, '', '7986.00', 1, 79, 9, 6, 'KERJA PEMBAIKAN SISTEM GEAR BOX.', 3, 2, '3846', 1, '', 2, NULL, NULL, NULL, NULL, NULL, NULL),
(153, 'KR/023/2013', '2013-11-11 16:41:26', '2013-10-02 00:00:00', 1, '', '413.00', 1, 52, 9, 6, 'KERJA BAIKI BELTING,LAMP', 3, 2, '3815', 1, '', 2, NULL, NULL, NULL, NULL, NULL, NULL),
(154, 'KR/024/2013', '2013-11-11 16:45:35', '2013-10-08 00:00:00', 1, '', '3697.00', 1, 99, 9, 6, 'KERJA PEMBAIAKAN ABSORBER,BUMPER,LINK,STABILIZER BAR', 3, 2, '3808', 1, '', 2, NULL, NULL, NULL, NULL, NULL, NULL),
(155, 'KR/025/2013', '2013-11-11 16:54:02', '2013-10-01 00:00:00', 1, '', '3130.00', 1, 24, 9, 6, 'KERJA MENUKAR CLUTCH', 3, 2, '3859', 1, '', 2, NULL, NULL, NULL, NULL, NULL, NULL),
(156, 'JB/023/2013', '2013-11-11 16:58:45', '2013-09-06 00:00:00', 1, '', '2320.00', 1, 18, 2, 6, 'KERJA PEMBAIKAN SWING PUMP SILINDER', 3, 2, '3875', 1, '', 2, NULL, NULL, NULL, NULL, NULL, NULL),
(157, 'JB/024/2013', '2013-11-11 17:11:07', '2013-09-10 00:00:00', 1, '', '3260.00', 33, 5, 3, 6, 'PEMBAIKAN SISTEM HYDRAULIK', 3, 2, '0311', 1, '', 2, NULL, NULL, NULL, NULL, NULL, NULL),
(158, 'JB/025/2013', '2013-11-11 17:13:42', '0000-00-00 00:00:00', 1, '', '1460.00', 33, 15, 1, 6, 'KERJA PEMBAIKAN SISTEM STEERING', 3, 2, '0310', 1, '', 2, NULL, NULL, NULL, NULL, NULL, NULL),
(159, 'JB/026/2013', '2013-11-11 17:17:11', '2013-09-10 00:00:00', 1, '', '1770.00', 33, 126, 0, 6, 'SERBIS GRADER', 2, 2, '0309', 1, '', 1, NULL, NULL, NULL, NULL, NULL, NULL),
(160, 'JB/027/2013', '2013-11-11 17:21:39', '2013-10-21 00:00:00', 1, '', '1770.00', 33, 13, 3, 6, 'KERJA SERBIS', 3, 2, '0308', 1, '', 1, NULL, NULL, NULL, NULL, NULL, NULL),
(161, 'KR/026/2013', '2013-11-11 17:26:29', '2013-10-02 00:00:00', 1, '', '320.00', 21, 75, 2, 6, 'KERJA PEMBAIKAN CLUTCH', 3, 2, '0635', 1, '', 2, NULL, NULL, NULL, NULL, NULL, NULL),
(162, 'JB/028/2013', '2013-11-11 17:32:17', '2013-09-09 00:00:00', 1, '', '7698.00', 21, 19, 7, 6, 'KERJA PEMBAIKAN CONVEYOR DAN SELINDER PUMP', 3, 2, '0633', 1, '', 2, NULL, NULL, NULL, NULL, NULL, NULL),
(163, 'JB/029/2013', '2013-11-11 17:39:47', '2013-09-17 00:00:00', 1, '', '790.00', 21, 2, 7, 6, 'KERJA PEMBAIKAN SISTEM STEERING', 3, 2, '0613', 1, '', 2, NULL, NULL, NULL, NULL, NULL, NULL),
(164, 'JB/030/2013', '2013-11-11 17:43:40', '2013-10-08 00:00:00', 1, '', '1600.00', 33, 14, 1, 6, 'KERJA PEMBAIKAN SELINDER PUMP BUCKET BELAKANG', 3, 2, '0164', 1, '', 2, NULL, NULL, NULL, NULL, NULL, NULL),
(166, 'KR/027/2013', '2013-11-13 14:49:47', '2013-11-13 00:00:00', 1, '', '6409.28', 28, 81, 7, 5, 'ENGINE O/HOUL', 3, 2, 'S 4941', 1, '', 3, NULL, NULL, NULL, NULL, NULL, NULL),
(167, 'US/089/2013', '2013-11-14 11:24:44', '2013-10-18 00:00:00', 1, '', '210.00', 6, 177, 3, 7, 'SISTEM AIRCOND', 1, 2, '0513', 1, '', 2, NULL, NULL, NULL, NULL, NULL, NULL),
(168, 'US/090/2013', '2013-11-14 11:34:57', '0000-00-00 00:00:00', 1, '', '713.00', 6, 81, 7, 7, 'SISTEM AIRCOND', 3, 2, '0410', 1, '', 2, NULL, NULL, NULL, NULL, NULL, NULL),
(169, 'US/091/2013', '2013-11-14 12:22:54', '0000-00-00 00:00:00', 1, '', '7588.00', 7, 93, 1, 7, 'SISTEM ENJIN', 3, 2, '0408', 1, '', 2, NULL, NULL, NULL, NULL, NULL, NULL),
(172, 'KB/005/2013', '2013-11-21 16:15:21', '2013-11-21 00:00:00', 1, '', '2650.00', 11, 32, 2, 5, 'STEERING ROD ASSY,TIE ROD ASSY R/H,TIE ROD ASSY L/H,UNIVERSAL JOINT,PROPELLER SHAFT MOUNTING,SHOCK ABSOBER', 4, 2, '5150', 1, '', 2, NULL, NULL, NULL, NULL, NULL, NULL),
(173, 'KB/006/2013', '2013-11-22 08:36:54', '2013-11-21 00:00:00', 1, '', '2650.00', 11, 32, 2, 5, 'steering,propeller shaft,shock absorber', 4, 2, '5150', 1, '', 2, NULL, NULL, NULL, NULL, NULL, NULL),
(174, 'KR/028/2013', '2013-11-22 09:41:09', '2013-11-22 00:00:00', 1, '', '700.00', 7, 194, 3, 5, 'SERVIS FUEL PUMP DAN ALTERNATOR', 1, 2, '0638', 1, '', 2, NULL, NULL, NULL, NULL, NULL, NULL),
(175, 'JB/031/2013', '2013-11-26 08:41:59', '2013-10-03 00:00:00', 1, '', '2980.00', 27, 148, 2, 6, 'radiator', 2, 2, '02922', 1, '', 2, NULL, NULL, NULL, NULL, NULL, NULL),
(176, 'JB/032/2013', '2013-11-26 08:46:08', '0000-00-00 00:00:00', 1, '', '1960.00', 33, 147, 0, 6, 'selinder pump seal kit', 2, 2, '0305', 1, '', 2, NULL, NULL, NULL, NULL, NULL, NULL),
(177, 'JB/033/2013', '2013-11-26 08:48:31', '2013-10-02 00:00:00', 1, '', '380.00', 33, 126, 2, 6, 'hydraulik hos', 2, 2, '0304', 1, '', 2, NULL, NULL, NULL, NULL, NULL, NULL),
(178, 'JB/034/2013', '2013-11-26 08:52:15', '2013-09-05 00:00:00', 1, '', '980.00', 27, 146, 0, 6, 'hydraulik hos', 2, 2, '02924', 1, '', 2, NULL, NULL, NULL, NULL, NULL, NULL),
(179, 'JB/035/2013', '2013-11-26 08:55:06', '2013-09-12 00:00:00', 1, '', '1460.00', 27, 139, 3, 6, 'control valve seal and ekzos box', 2, 2, '02926', 1, '', 2, NULL, NULL, NULL, NULL, NULL, NULL),
(180, 'JB/036/2013', '2013-11-26 09:00:52', '2013-09-10 00:00:00', 1, '', '260.00', 33, 136, 7, 6, 'water jacket,coolant', 2, 2, '0267', 1, '', 2, NULL, NULL, NULL, NULL, NULL, NULL),
(181, 'JB/037/2013', '2013-11-26 09:06:08', '2013-09-17 00:00:00', 1, '', '380.00', 33, 144, 3, 6, 'hydraulik stering hos', 2, 2, '0266', 1, '', 2, NULL, NULL, NULL, NULL, NULL, NULL),
(182, 'US/092/2013', '2013-11-26 11:43:09', '2013-11-06 00:00:00', 1, '', '15448.00', 37, 0, 0, 7, 'BATERI', 2, 2, 'SR/mz/127/13', 1, '', 1, NULL, NULL, NULL, NULL, NULL, NULL),
(183, 'US/093/2013', '2013-11-26 16:10:51', '2013-08-23 00:00:00', 1, '', '2225.00', 1, 51, 2, 7, 'SISTEM AIRCOND', 3, 2, '3577', 1, '', 2, NULL, NULL, NULL, NULL, NULL, NULL),
(184, 'US/094/2013', '2013-11-26 16:17:09', '2013-09-11 00:00:00', 1, '', '1400.00', 1, 45, 7, 7, 'SISTEM SPEDO METER', 3, 2, '3565', 1, '', 2, NULL, NULL, NULL, NULL, NULL, NULL),
(185, 'US/095/2013', '2013-11-26 17:10:00', '2013-10-31 00:00:00', 1, '', '8210.00', 8, 159, 1, 7, 'MENGECAT DAN BAIKI BADAN KENDERAAN BELAKANG', 1, 2, '9379', 1, '', 2, NULL, NULL, NULL, NULL, NULL, NULL),
(186, 'US/096/2013', '2013-11-26 17:16:49', '0000-00-00 00:00:00', 1, '', '500.00', 8, 100, 7, 7, 'SISTEM EKZOS', 3, 2, '9380', 1, '', 2, NULL, NULL, NULL, NULL, NULL, NULL),
(187, 'US/097/2013', '2013-11-26 17:20:58', '2013-03-22 00:00:00', 1, '', '878.00', 7, 51, 11, 7, 'SISTEM AIRCOND', 3, 2, '0283', 1, '', 2, NULL, NULL, NULL, NULL, NULL, NULL),
(188, 'US/098/2013', '2013-11-26 17:28:41', '0000-00-00 00:00:00', 1, '', '1567.00', 8, 57, 3, 7, 'SISTEM BRAKE', 3, 2, '9378', 1, '', 2, NULL, NULL, NULL, NULL, NULL, NULL),
(190, 'JB/038/2013', '2013-11-27 14:00:31', '2013-10-23 00:00:00', 1, '', '2680.00', 1, 14, 1, 6, 'KERJA PEMBAIKAN SISTEM ENJIN', 3, 2, '2680', 1, '', 2, 'L01240000360', '2014-01-21 12:32:37', NULL, NULL, NULL, NULL),
(191, 'JB/039/2013', '2013-11-27 14:03:53', '2013-09-05 00:00:00', 1, '', '3030.00', 33, 15, 1, 6, 'KERJA MEMBAIKI ENJIN', 3, 2, '0297', 1, '', 2, NULL, NULL, NULL, NULL, NULL, NULL),
(192, 'JB/040/2013', '2013-11-27 14:06:44', '2013-11-04 00:00:00', 1, '', '1800.00', 33, 15, 1, 6, 'BOOM BUCKET SELINDER', 3, 2, '0316', 1, '', 2, NULL, NULL, NULL, NULL, NULL, NULL),
(193, 'JB/041/2013', '2013-11-27 14:09:36', '2013-10-30 00:00:00', 1, '', '4932.00', 1, 16, 1, 6, 'KERJA PEMBAIKAN SELINDER', 3, 2, '3899', 1, '', 2, NULL, NULL, NULL, NULL, NULL, NULL),
(194, 'KR/030/2013', '2013-11-27 14:15:22', '2013-11-01 00:00:00', 1, '', '4200.00', 3, 76, 0, 6, 'KERJA PEMBAIKAN BODY KENDERAAN,KERJA KEMASKINI BOLIER CAT JALAN', 3, 2, '0665', 1, '', 2, NULL, NULL, NULL, NULL, NULL, NULL),
(195, 'KR/031/2013', '2013-11-27 14:18:36', '2013-11-01 00:00:00', 1, '', '4780.00', 3, 70, 2, 6, 'KERJA PEMBAIKAN BODY LORI,PEMBAIKAN BUMBUNG LORI,KERJA MENGEMASKINI TAPAK BOILER(MESIN CAT JALAN)', 3, 2, '0666', 1, '', 2, NULL, NULL, NULL, NULL, NULL, NULL),
(196, 'KR/032/2013', '2013-11-27 14:23:23', '2013-11-01 00:00:00', 1, '', '4780.00', 3, 64, 1, 6, 'KERJA PEMBAIKAN BODY LORI,KERJA PENGUBAHSUAI TAPAK MESIN CAT JALAN.', 3, 2, '0667', 1, '', 2, NULL, NULL, NULL, NULL, NULL, NULL),
(197, 'KR/033/2013', '2013-12-04 09:43:08', '2013-12-25 00:00:00', 1, '', '1160.00', 19, 79, 3, 5, 'TO SERVICE AND REPAIR FUEL PUMP AND FUEL INJECKTOR PUMP, TO REMOVE LINERS FROM ENGINE BLOCK AND INSTALL NEGO LINERS FROM ENGINE BLOCK,TO REMOVE AND INSTALL CONNECTING ROD BUSH FROM PISTON PIN,TO REMOVE AND INSTALL CAMSHAFT BUSH FROM ENGINE BLOCK', 3, 2, '1950', 1, '', 3, NULL, NULL, NULL, NULL, NULL, NULL),
(199, 'KR/034/2013', '2013-12-04 10:01:23', '2013-12-03 00:00:00', 1, '', '7129.00', 19, 79, 3, 5, 'OVERHAUL ENJINE,PISTON,LINER SET,MAIN BEARING,CONROD BEARING,CAMSHAFT BEARING DAN WATER PUMP ASSEMBLY', 4, 2, '1949', 1, '', 3, NULL, NULL, NULL, NULL, NULL, NULL),
(202, 'KR/035/2013', '2013-12-06 16:29:07', '2013-12-06 00:00:00', 1, '', '2830.00', 3, 96, 3, 5, 'MEMBAIKI DAN MENUKAR ALAT GANTI AIRCOND', 5, 2, '0662', 1, '0662', 3, NULL, NULL, NULL, NULL, NULL, NULL),
(203, 'US/099/2013', '2013-12-09 14:50:51', '0000-00-00 00:00:00', 1, '', '2500.00', 44, 0, 11, 7, 'MEMBAIKI SISTEM TEKANAN', 3, 2, 'JKR/MECH/121', 1, '', 2, NULL, NULL, NULL, NULL, NULL, NULL),
(205, 'ST/001/2014', '2014-01-21 16:34:30', '2014-01-21 00:00:00', 1, '', '263.00', 10, 19, 7, 8, 'PEGANTIAN HORN, RELAY, FUSE', 8, 2, '2408', 1, '', 2, NULL, NULL, NULL, NULL, NULL, NULL);

-- --------------------------------------------------------

--
-- Table structure for table `broken_log_component`
--

CREATE TABLE IF NOT EXISTS `broken_log_component` (
  `blc_id` int(10) NOT NULL AUTO_INCREMENT,
  `bl_id` int(10) NOT NULL,
  `blc_name` varchar(200) NOT NULL,
  `blc_quantity` int(11) NOT NULL,
  `blc_datetime` datetime NOT NULL,
  PRIMARY KEY (`blc_id`)
) ENGINE=InnoDB DEFAULT CHARSET=latin1 AUTO_INCREMENT=1 ;

-- --------------------------------------------------------

--
-- Table structure for table `broken_log_unit`
--

CREATE TABLE IF NOT EXISTS `broken_log_unit` (
  `blu_id` int(11) NOT NULL AUTO_INCREMENT,
  `blu_code` varchar(20) NOT NULL,
  `blu_desc` varchar(200) NOT NULL,
  PRIMARY KEY (`blu_id`)
) ENGINE=InnoDB  DEFAULT CHARSET=latin1 AUTO_INCREMENT=6 ;

--
-- Dumping data for table `broken_log_unit`
--

INSERT INTO `broken_log_unit` (`blu_id`, `blu_code`, `blu_desc`) VALUES
(1, 'KR', 'Kenderaan Ringan'),
(2, 'KB', 'Kenderaan Berat'),
(3, 'US', 'Unit Sokongan'),
(4, 'ST', 'Stor'),
(5, 'JB', 'Jentera Berat');

-- --------------------------------------------------------

--
-- Table structure for table `ci_sessions`
--

CREATE TABLE IF NOT EXISTS `ci_sessions` (
  `session_id` varchar(40) NOT NULL DEFAULT '0',
  `ip_address` varchar(45) NOT NULL DEFAULT '0',
  `user_agent` varchar(120) NOT NULL,
  `last_activity` int(10) unsigned NOT NULL DEFAULT '0',
  `user_data` text NOT NULL,
  PRIMARY KEY (`session_id`),
  KEY `last_activity_idx` (`last_activity`)
) ENGINE=InnoDB DEFAULT CHARSET=latin1;

--
-- Dumping data for table `ci_sessions`
--

INSERT INTO `ci_sessions` (`session_id`, `ip_address`, `user_agent`, `last_activity`, `user_data`) VALUES
('f1e16fdecda473f42e058c3a941973e1', '127.0.0.1', 'Mozilla/5.0 (Windows NT 6.2; WOW64) AppleWebKit/537.36 (KHTML, like Gecko) Chrome/27.0.1453.116 Safari/537.36', 1373153484, 'a:2:{s:9:"user_data";s:0:"";s:20:"flash:old:action_msg";s:28:"Invalid username or password";}');

-- --------------------------------------------------------

--
-- Table structure for table `contractor`
--

CREATE TABLE IF NOT EXISTS `contractor` (
  `c_id` int(10) NOT NULL AUTO_INCREMENT,
  `c_name` varchar(200) NOT NULL,
  `c_personincharge` varchar(200) NOT NULL,
  `c_phoneno` varchar(20) NOT NULL,
  `c_address` varchar(2000) NOT NULL,
  `c_postcode` varchar(10) NOT NULL,
  `c_negeri` varchar(200) NOT NULL,
  PRIMARY KEY (`c_id`)
) ENGINE=InnoDB  DEFAULT CHARSET=latin1 AUTO_INCREMENT=46 ;

--
-- Dumping data for table `contractor`
--

INSERT INTO `contractor` (`c_id`, `c_name`, `c_personincharge`, `c_phoneno`, `c_address`, `c_postcode`, `c_negeri`) VALUES
(1, 'DAYA WAWASAN AUTOMOTIVE', 'EMRAN BIN OTHMAN', '', 'N/TO 1-14 JLN TTC 1 TMN TEKN CHENG', '75250', 'MELAKA'),
(2, 'AUTO CONNEXION, SIME DARBY AUTO CONNEXION SDN BHD', 'MINAH', '', 'NO 616, BATU 3 ¾, JALAN IPOH', '52100', 'KUALA LUMPUR'),
(3, 'COMMECTS(M)SDN BHD', '', '', '36,37 JALAN IKS MJ4,TAMAN IKS MALIM JAYA,', '75250', 'MELAKA'),
(4, 'KAH MOTOR CO.SDN.BHD.', '', '', 'NO 88,JALAN SEMABOK', '75050', 'MELAKA'),
(5, 'KEJURUTERAAN BINA KALAM SDN BHD', '', '', 'BATU 3, JALAN BUKIT GODEK, SEMABOK', '75050', 'MELAKA'),
(6, 'WIRA MEDIK AUTOMOBILE SERVICES SDN BHD', '', '', 'NO 25 JALAN SP 2,TAMAN SRI PANDAN', '75250', 'MELAKA'),
(7, 'ZAIS ENTERPRISE & MACHINERY', '', '', 'KM 16,BUKIT TAMBUN , DURIAN TUNGGAL', '76100', 'MELAKA'),
(8, 'RZ JAYA ENTERPRISE', '', '', 'PLOT 463, NO 14,JALAN BERKAT 8, TAMAN MALIM JAYA', '75250', 'MELAKA'),
(9, 'BENGKEL KERETA SAHAR', '', '', 'PETI SURAT NO 48 PEJABAT POS ALOR GAJAH , ALOR GAJAH', '78000', 'MELAKA'),
(10, 'USAHASAMA SBJ ENTERPRISE', '', '', '25-1,JLN PJ1,TMN PERTAM JAYA', '75050', 'MELAKA'),
(11, 'GOTONG WIRA ENTERPRISE', '', '', 'NO 112 TIGKAT 1 TMN ASEAN JLN MALIM', '75250', 'MELAKA'),
(12, 'HAJA ADVERTISING ', '', '', 'NO 30, JALAN HANG TUAH', '75350', 'MELAKA'),
(13, 'NORFERE ENTERPISE', '', '', '2588-3 BATU 8 GEDUNG LALANG BKT RAMBAI', '75200', 'MELAKA'),
(14, 'PERNIAGAAN KAMAL', '', '', 'T-127 NO 11 JLN TMN TEKNOLOGI CHENG,', '75250', 'MELAKA'),
(15, 'MAFA BERKAT ENTERPISE', '', '', 'NO 203-2 KAMPUNG MUSAI BUKIT BARU', '75150', 'MELAKA'),
(16, 'NORFAZ ENTERPRISE', '', '', 'NO 28A JALAN KUNDANG 13,TAMAN BUKIT PASIR,BATU PAHAT', '83000', 'JOHOR'),
(17, 'PERCETAKAN NASIONAL MALAYSIA BERHAD', '', '', 'NO.112, JLAN TU2 TAMAN TASEK UTAMA AYER KEROH', '75450', 'MELAKA'),
(18, 'R’AUTO CARE ENTERPRISE', '', '', 'NO.1 JALAN S.P 1 TAMAN SERI PANDAN LORONG PANDAN ', '75250', 'MELAKA'),
(19, 'SAUJANA MEGA ENTERPRISE', '', '', '399-J TAMAN NAM SENG JALAN TUN PERAK', '75200', 'MELAKA'),
(20, 'PERKHIDMATAN TAYAR SERANTAU DESA', '', '', 'NO 41 JLN BB1 TMN BACHANG BARU', '75350', 'MELAKA'),
(21, 'ZAIS ENTERPRISE & MACHINERY', '', '', 'KM 16,BUKIT TAMBUN DURIAN TUNGGAL', '76100', 'MELAKA'),
(22, 'BENGKEL KERETA SAHAR', '', '', 'NO.30 IKS KELEMAK,SG PETAI ALOR GAJAH', '78000', 'MELAKA'),
(23, 'EDARAN TAN CHONG MOTOR SDN BHD', '', '', 'NO.35,JALAN CP 1/21A', '75250', 'MELAKA'),
(24, 'ENERGY SMART AUTO SEMI-D FACTORY', '', '', 'NO.8,JALAN JASA MERDEKA 2 TAMAN DATUK TAMBY CHIK KARIM', '75350', 'MELAKA'),
(25, 'MZK GEMILANG ENTERPRISE', '', '', 'KM 32 KG KELUBI, JASIN', '77000', ''),
(26, 'PARAMOUNT VALUE SDN BHD', '', '', 'LOT 18, JALAN TAMING SARI', '75400', 'MELAKA'),
(27, 'SHAZMI SERVICES CENTRE AND SUPPLIES', '', '', 'NO 14, JALAN DELIMA 12, TAMAN CAHAYA MASAI, PASIR GUDANG', '81700', 'x'),
(28, 'SURIA ENTERPRISE', '', '', 'BERTAM RIA, JALAN PULAU GADONG', '75250', 'MELAKA'),
(29, 'TOUCH N GO SDN BHD', '', '', 'Tower 6,Avenue 5,Bangsar South No.8, Jalan Kerinchi,', '59200', 'Kuala Lumpur'),
(30, 'UMW EQUIPMENT SDN BHD', '', '', 'NO.3, JALAN UTAS (15/7) P.O BOX 7052 SHAH ALAM', '40915', 'SELANGOR DARUL EHSAN'),
(31, 'UMW EQUIPMENT SDN BHD', '', '', 'NO 64 JLN LANGKASUKA P.O BOX243 LARKIN INDUSTRIAL ESTATE', '80350', 'JOHOR BAHRU'),
(32, 'ZARIS TEKNOLOGI ENTERPRISE', '', '', 'NO.34. JALAN TP 9 TAMAN TERENDAK PERMAI SG UDANG', '76300', 'MELAKA'),
(33, 'ZAIMIAH ENTERPRISE', '', '', 'LOT 865 JLN HJ OTHMAN BUKIT LINTANG', '75460', 'MELAKA'),
(34, 'JAYA HAWA DINGIN', '', '', 'LOT 7 4619 TANJUNG KELING', '76400', 'MELAKA'),
(35, 'MHE-DEMAG LOGISTICS MALAYSIA SDN BHD', '', '', '51-GJALAN MP3 TAMAN MERDEKA PERMAI BATU BERENDAM', '75350', 'MELAKA'),
(36, 'MEJOR TRAX AUTO ENTERPRISE', '', '', 'NO.32-G JALAN BERTAM JAYA 9A TAMAN BERTAM JAYA', '75250', 'MELAKA'),
(37, 'ARBEX CORPORATION', 'ARBEX', '03-5191 9544', 'NO. 94, JALAN KAPAR 27/89, SEKSYEN 27, TAMAN ALAM MEGAH, SHAH ALAM', '40400', 'SELANGOR DARUL EHSAN'),
(38, 'MNH AUTOMOTIF SUPPLY & SERVICES', '', '06-3354166', 'NO,JALAN BB19, TAMAN BACHANG BARU', '75300', 'MELAKA'),
(39, 'D TUAH JAYA AUTO SERVICE', '', '019-6686977', 'NO 11,PUSAT NIAGA BUKIT KATIL ,JALAN TUN KUDU BUKIT MELAKA', '75450', 'MELAKA'),
(40, '', '', '', '', '', ''),
(41, 'ST POWER SDN BHD', '', '019-3450110', 'NO1,JALAN IKS M2,TAMAN IKS MERDEKA,BATU BERENDAM, MELAKA', '75350', 'MELAKA'),
(42, 'HYRAX OIL SDN BHD', 'RAZMEIN BIN NASIR', '', 'A-8-1 MEGAN AVENUE 2, 12 JALAN YAP KWAN SENG', '50450', 'KUALA LUMPUR'),
(43, '', '', '', '', '', ''),
(44, 'ONE BLACK OPS SERVICES', 'IRWAN NOREHSAN', '012 660 1549', 'NO 31-3A JALAN UP 1/6 UKAY PERDANA BUSINESS CENTRE UKAY PERDANA, AMPANG SELANGOR', '68000', 'SELANGOR'),
(45, '', '', '', '', '', '');

-- --------------------------------------------------------

--
-- Table structure for table `finance`
--

CREATE TABLE IF NOT EXISTS `finance` (
  `f_id` int(11) NOT NULL AUTO_INCREMENT,
  `f_code` varchar(20) NOT NULL,
  `f_desc` varchar(200) NOT NULL,
  `f_money` decimal(10,0) NOT NULL,
  `f_date` date NOT NULL,
  PRIMARY KEY (`f_id`)
) ENGINE=InnoDB  DEFAULT CHARSET=latin1 AUTO_INCREMENT=11 ;

--
-- Dumping data for table `finance`
--

INSERT INTO `finance` (`f_id`, `f_code`, `f_desc`, `f_money`, `f_date`) VALUES
(1, 'F28', 'Peruntukan Kerajaan - Perkhidmatan', '-101539', '2013-01-01'),
(2, 'F26', 'Peruntukan Kerajaan - Alat Ganti', '56956', '2013-01-01'),
(3, 'A28', 'Peruntukan Negeri - Perkhidmatan', '-129765', '2013-01-01'),
(4, 'A26', 'Peruntukan Negeri - Alat Ganti', '56834', '2013-01-01'),
(5, 'A35', 'ASET WANG AMANAH', '1695170', '2013-01-01'),
(6, 'F28-2014', 'DUIT PERUNTUKAN MHPV 2014', '250000', '2014-01-01'),
(7, 'F26-2014', 'DUIT MHPV TAHUN 2014', '100000', '2014-01-01'),
(8, 'A26-2014', 'DUIT PERUNTUKAN AMANAH JALAN 2014', '249779', '2014-01-01'),
(9, 'A28-2014', 'DUIT PERUNTUKAN AMANAH JALAN 2014', '400000', '2014-01-01');

-- --------------------------------------------------------

--
-- Table structure for table `jenis_kerja`
--

CREATE TABLE IF NOT EXISTS `jenis_kerja` (
  `jk_id` int(11) NOT NULL AUTO_INCREMENT,
  `jk_desc` varchar(200) NOT NULL,
  PRIMARY KEY (`jk_id`)
) ENGINE=InnoDB  DEFAULT CHARSET=latin1 AUTO_INCREMENT=5 ;

--
-- Dumping data for table `jenis_kerja`
--

INSERT INTO `jenis_kerja` (`jk_id`, `jk_desc`) VALUES
(1, 'SERVIS'),
(2, 'PEMBAIKIAN KECIL'),
(3, 'PEMBAIKIAN BESAR'),
(4, 'BAIK PULIH');

-- --------------------------------------------------------

--
-- Table structure for table `letter_order`
--

CREATE TABLE IF NOT EXISTS `letter_order` (
  `lo_id` int(10) NOT NULL AUTO_INCREMENT,
  `bl_id` int(10) NOT NULL,
  `u_id` int(10) NOT NULL,
  `lo_expenses` decimal(10,2) NOT NULL DEFAULT '0.00',
  `lo_createddate` datetime NOT NULL,
  `lo_approveddate` datetime NOT NULL,
  `lo_approvedby` int(11) NOT NULL,
  PRIMARY KEY (`lo_id`)
) ENGINE=InnoDB  DEFAULT CHARSET=latin1 AUTO_INCREMENT=223 ;

--
-- Dumping data for table `letter_order`
--

INSERT INTO `letter_order` (`lo_id`, `bl_id`, `u_id`, `lo_expenses`, `lo_createddate`, `lo_approveddate`, `lo_approvedby`) VALUES
(4, 3, 1, '3025.00', '2013-08-28 20:25:54', '2013-08-29 15:48:29', 2),
(5, 1, 1, '552.00', '2013-08-28 20:26:22', '2013-08-29 15:48:29', 2),
(6, 2, 1, '15252.00', '2013-08-28 20:26:46', '2013-08-29 15:48:29', 2),
(9, 9, 1, '0.00', '2013-09-13 10:26:41', '0000-00-00 00:00:00', 0),
(10, 10, 6, '1120.00', '2013-09-13 11:55:12', '0000-00-00 00:00:00', 0),
(11, 11, 6, '2300.00', '2013-09-13 15:34:13', '2013-09-13 15:37:52', 9),
(15, 16, 6, '0.00', '2013-09-18 16:22:30', '2013-09-23 08:48:55', 4),
(16, 17, 6, '550.00', '2013-09-18 17:50:33', '2013-10-10 16:59:40', 4),
(17, 18, 6, '3080.00', '2013-09-18 17:54:43', '2013-10-10 17:01:51', 4),
(18, 19, 6, '1880.00', '2013-09-23 11:55:01', '2013-10-10 17:00:19', 4),
(19, 20, 6, '3575.00', '2013-09-23 12:22:07', '2013-10-10 17:00:29', 4),
(20, 21, 6, '2600.00', '2013-09-23 12:27:16', '2013-10-10 17:00:43', 4),
(21, 22, 6, '1600.00', '2013-09-23 12:34:41', '2013-10-10 17:02:11', 4),
(22, 23, 6, '3500.00', '2013-09-23 12:43:33', '2013-10-10 17:02:21', 4),
(23, 24, 6, '2989.00', '2013-09-23 12:52:05', '2013-10-10 17:02:31', 4),
(24, 25, 6, '1180.00', '2013-09-23 12:59:08', '2013-10-10 17:02:41', 4),
(25, 26, 6, '2710.00', '2013-09-25 15:08:13', '2013-10-10 17:02:51', 4),
(26, 27, 6, '4730.00', '2013-09-25 18:00:11', '2013-10-10 17:03:01', 4),
(27, 28, 7, '3185.00', '2013-09-26 16:35:39', '2013-10-01 16:06:18', 4),
(28, 29, 7, '260.00', '2013-09-26 16:43:11', '2013-10-01 16:06:14', 4),
(29, 30, 7, '1305.00', '2013-09-26 16:51:01', '2013-10-01 16:06:12', 4),
(31, 32, 7, '791.00', '2013-09-26 17:10:17', '2013-10-01 16:06:08', 4),
(32, 33, 7, '670.00', '2013-09-26 17:16:33', '2013-10-01 16:06:05', 4),
(33, 34, 7, '590.00', '2013-09-26 17:21:41', '2013-10-01 16:06:02', 4),
(34, 35, 7, '290.00', '2013-09-26 17:25:01', '2013-10-01 16:05:59', 4),
(35, 36, 7, '1154.00', '2013-09-27 11:01:14', '2013-10-01 16:05:56', 4),
(36, 37, 7, '395.00', '2013-09-27 11:15:43', '2013-10-01 16:05:52', 4),
(37, 38, 7, '410.00', '2013-09-27 16:18:01', '2013-10-01 16:05:49', 4),
(38, 39, 7, '625.00', '2013-09-27 16:25:22', '2013-10-01 16:05:46', 4),
(39, 40, 7, '1078.00', '2013-09-27 16:52:23', '2013-10-01 16:05:43', 4),
(40, 41, 7, '235.00', '2013-09-27 16:59:31', '2013-10-01 16:05:39', 4),
(41, 42, 7, '600.00', '2013-09-27 17:42:18', '2013-10-01 16:05:30', 4),
(43, 44, 7, '44.00', '2013-10-01 15:05:00', '2013-10-18 15:59:20', 4),
(44, 46, 7, '413.40', '2013-10-01 15:39:17', '2013-10-23 16:53:45', 4),
(45, 48, 7, '645.00', '2013-10-02 11:39:48', '2013-10-18 15:59:08', 4),
(46, 49, 7, '965.00', '2013-10-02 12:00:33', '2013-10-18 15:58:59', 4),
(47, 50, 7, '1480.00', '2013-10-02 12:05:55', '2013-10-18 15:58:45', 4),
(48, 51, 7, '1711.00', '2013-10-02 12:11:50', '2013-10-18 15:58:35', 4),
(49, 52, 7, '1780.00', '2013-10-02 12:21:34', '2013-10-18 15:58:26', 4),
(50, 53, 7, '295.00', '2013-10-02 12:33:47', '2013-10-18 15:58:15', 4),
(51, 0, 5, '0.00', '2013-10-02 15:42:30', '0000-00-00 00:00:00', 0),
(52, 56, 7, '250.00', '2013-10-02 16:23:07', '2013-10-18 15:58:09', 4),
(53, 57, 7, '180.00', '2013-10-02 16:25:36', '2013-10-18 15:57:59', 4),
(54, 58, 7, '180.00', '2013-10-02 18:17:38', '2013-10-18 15:57:48', 4),
(56, 60, 7, '148.00', '2013-10-02 18:29:43', '2013-10-18 15:57:40', 4),
(58, 62, 7, '907.00', '2013-10-04 08:16:54', '2013-10-18 15:57:30', 4),
(59, 63, 7, '3605.00', '2013-10-04 08:55:55', '2013-10-18 15:56:53', 4),
(60, 64, 7, '3844.00', '2013-10-04 11:03:28', '2013-10-18 15:56:42', 4),
(61, 65, 7, '660.00', '2013-10-04 14:26:42', '2013-10-18 15:56:32', 4),
(62, 66, 7, '2363.00', '2013-10-04 14:31:35', '2013-10-18 15:56:23', 4),
(63, 67, 7, '764.00', '2013-10-04 14:37:04', '2013-10-18 15:56:16', 4),
(64, 68, 7, '810.00', '2013-10-04 14:42:53', '2013-10-18 15:56:10', 4),
(65, 69, 7, '676.00', '2013-10-04 16:48:22', '2013-10-18 15:56:02', 4),
(66, 70, 7, '235.00', '2013-10-04 17:02:09', '2013-10-18 15:55:53', 4),
(67, 71, 7, '30.00', '2013-10-04 17:15:43', '2013-10-18 15:55:43', 4),
(68, 72, 7, '613.00', '2013-10-07 09:51:07', '2013-10-18 15:55:32', 4),
(70, 74, 7, '1970.00', '2013-10-07 10:57:10', '0000-00-00 00:00:00', 0),
(71, 75, 7, '620.00', '2013-10-07 11:01:39', '0000-00-00 00:00:00', 0),
(72, 76, 7, '2862.00', '2013-10-07 11:31:16', '0000-00-00 00:00:00', 0),
(73, 77, 7, '150.00', '2013-10-07 11:39:27', '0000-00-00 00:00:00', 0),
(75, 79, 7, '305.00', '2013-10-18 08:31:42', '2013-10-18 15:49:35', 4),
(76, 80, 7, '41.00', '2013-10-18 09:49:06', '2013-10-18 15:49:39', 4),
(77, 81, 7, '65.00', '2013-10-18 09:52:31', '2013-10-18 15:49:23', 4),
(79, 83, 7, '2496.00', '2013-10-18 10:00:23', '2013-10-18 15:49:17', 4),
(80, 84, 7, '473.00', '2013-10-18 10:33:54', '2013-10-18 15:49:10', 4),
(81, 85, 7, '511.00', '2013-10-18 10:46:13', '2013-11-01 09:06:19', 4),
(82, 86, 7, '223.00', '2013-10-18 11:00:24', '2013-11-01 09:06:38', 4),
(83, 87, 7, '205.00', '2013-10-18 11:51:43', '2013-11-01 09:06:52', 4),
(84, 78, 5, '0.00', '2013-10-21 08:28:12', '2013-11-01 09:13:45', 4),
(87, 89, 7, '760.00', '2013-10-21 13:38:34', '2013-11-01 09:07:08', 4),
(88, 90, 7, '1330.00', '2013-10-21 13:48:11', '2013-11-01 09:07:39', 4),
(89, 91, 7, '4980.00', '2013-10-21 14:54:16', '2013-11-01 09:15:31', 4),
(90, 92, 7, '2945.00', '2013-10-21 15:06:27', '2013-11-01 09:07:59', 4),
(91, 93, 7, '2245.00', '2013-10-21 15:15:22', '2013-11-01 09:14:17', 4),
(92, 94, 7, '1280.00', '2013-10-21 16:28:55', '2013-10-28 08:46:12', 4),
(93, 95, 7, '4500.00', '2013-10-21 16:33:17', '2013-11-01 09:15:18', 4),
(94, 96, 7, '1230.00', '2013-10-22 18:08:30', '2013-11-01 09:03:41', 4),
(95, 97, 7, '1446.00', '2013-10-22 18:14:59', '2013-11-01 09:03:55', 4),
(96, 98, 7, '580.00', '2013-10-22 18:18:48', '2013-11-01 09:04:10', 4),
(97, 99, 7, '1445.00', '2013-10-22 18:29:46', '2013-11-01 09:04:23', 4),
(98, 100, 7, '1559.00', '2013-10-22 18:38:01', '2013-11-01 09:04:35', 4),
(99, 101, 7, '1798.00', '2013-10-23 08:16:40', '2013-11-01 09:03:05', 4),
(100, 103, 5, '2835.00', '2013-10-23 09:46:38', '2013-11-01 09:14:34', 4),
(101, 104, 5, '3468.00', '2013-10-23 11:58:18', '0000-00-00 00:00:00', 0),
(103, 102, 7, '1651.00', '2013-10-23 12:58:24', '2013-11-01 09:02:48', 4),
(104, 105, 5, '10144.00', '2013-10-23 15:45:20', '2013-10-28 08:44:04', 4),
(105, 107, 7, '6440.00', '2013-10-23 16:43:06', '2013-11-01 09:15:43', 4),
(106, 108, 7, '9758.00', '2013-10-25 08:27:26', '0000-00-00 00:00:00', 0),
(107, 109, 7, '80.00', '2013-10-25 08:45:06', '0000-00-00 00:00:00', 0),
(108, 110, 5, '0.00', '2013-10-25 15:58:20', '0000-00-00 00:00:00', 0),
(109, 110, 5, '223.00', '2013-10-25 15:58:52', '0000-00-00 00:00:00', 0),
(110, 111, 5, '0.00', '2013-10-29 08:40:48', '0000-00-00 00:00:00', 0),
(113, 113, 5, '5214.50', '2013-10-29 10:03:37', '2013-11-01 09:12:52', 4),
(114, 114, 5, '4740.00', '2013-10-29 16:11:05', '0000-00-00 00:00:00', 0),
(115, 116, 7, '214.00', '2013-10-29 16:54:54', '0000-00-00 00:00:00', 0),
(116, 117, 7, '56.00', '2013-10-29 16:59:10', '2013-11-01 08:56:14', 4),
(117, 118, 7, '760.00', '2013-10-29 17:03:33', '2013-11-01 08:56:05', 4),
(118, 120, 7, '770.00', '2013-10-30 15:19:38', '2013-11-01 08:55:48', 4),
(119, 121, 7, '2425.00', '2013-10-30 15:28:08', '2013-11-01 08:55:56', 4),
(120, 122, 7, '515.00', '2013-10-30 15:33:32', '2013-11-01 08:57:16', 4),
(121, 123, 7, '5070.00', '2013-10-30 15:43:43', '2013-11-01 08:57:05', 4),
(122, 124, 7, '6865.00', '2013-10-31 11:53:29', '2013-11-01 09:12:02', 4),
(123, 125, 7, '2500.00', '2013-10-31 14:54:55', '2013-11-01 09:11:56', 4),
(124, 126, 7, '874.00', '2013-11-01 10:24:57', '0000-00-00 00:00:00', 0),
(125, 127, 7, '320.00', '2013-11-01 12:38:44', '0000-00-00 00:00:00', 0),
(126, 128, 7, '5050.00', '2013-11-01 12:45:24', '0000-00-00 00:00:00', 0),
(127, 129, 7, '1224.00', '2013-11-01 12:50:09', '0000-00-00 00:00:00', 0),
(128, 130, 7, '2881.00', '2013-11-01 12:59:23', '0000-00-00 00:00:00', 0),
(129, 131, 7, '1330.00', '2013-11-01 14:02:53', '0000-00-00 00:00:00', 0),
(130, 132, 7, '570.00', '2013-11-04 08:32:48', '0000-00-00 00:00:00', 0),
(131, 133, 7, '565.00', '2013-11-04 10:10:51', '0000-00-00 00:00:00', 0),
(132, 134, 7, '3832.00', '2013-11-04 10:22:19', '0000-00-00 00:00:00', 0),
(133, 119, 5, '2535.00', '2013-11-06 15:10:26', '0000-00-00 00:00:00', 0),
(134, 119, 5, '2535.00', '2013-11-06 15:11:20', '0000-00-00 00:00:00', 0),
(135, 136, 5, '3624.00', '2013-11-06 16:13:21', '0000-00-00 00:00:00', 0),
(136, 138, 5, '950.00', '2013-11-06 16:31:14', '0000-00-00 00:00:00', 0),
(137, 142, 6, '0.00', '2013-11-08 10:21:24', '0000-00-00 00:00:00', 0),
(138, 143, 6, '5064.00', '2013-11-08 10:38:00', '0000-00-00 00:00:00', 0),
(139, 144, 6, '2674.00', '2013-11-08 11:02:15', '0000-00-00 00:00:00', 0),
(140, 145, 6, '3420.00', '2013-11-08 11:10:04', '0000-00-00 00:00:00', 0),
(141, 146, 6, '1600.00', '2013-11-08 11:12:36', '0000-00-00 00:00:00', 0),
(142, 147, 5, '3080.00', '2013-11-11 11:53:31', '0000-00-00 00:00:00', 0),
(147, 141, 5, '6676.00', '2013-11-11 12:57:41', '0000-00-00 00:00:00', 0),
(148, 149, 5, '7616.00', '2013-11-11 14:46:58', '0000-00-00 00:00:00', 0),
(149, 150, 6, '3600.00', '2013-11-11 16:11:03', '0000-00-00 00:00:00', 0),
(150, 151, 6, '2800.00', '2013-11-11 16:14:32', '0000-00-00 00:00:00', 0),
(151, 152, 6, '940.00', '2013-11-11 16:30:49', '0000-00-00 00:00:00', 0),
(152, 153, 6, '413.00', '2013-11-11 16:42:38', '0000-00-00 00:00:00', 0),
(153, 154, 6, '3697.00', '2013-11-11 16:51:18', '0000-00-00 00:00:00', 0),
(154, 155, 6, '3130.00', '2013-11-11 16:55:38', '0000-00-00 00:00:00', 0),
(155, 156, 6, '2320.00', '2013-11-11 17:00:49', '0000-00-00 00:00:00', 0),
(156, 157, 6, '3260.00', '2013-11-11 17:11:57', '0000-00-00 00:00:00', 0),
(157, 158, 6, '1460.00', '2013-11-11 17:14:07', '0000-00-00 00:00:00', 0),
(158, 159, 6, '1554.00', '2013-11-11 17:20:01', '0000-00-00 00:00:00', 0),
(159, 160, 6, '1770.00', '2013-11-11 17:23:57', '0000-00-00 00:00:00', 0),
(160, 161, 6, '320.00', '2013-11-11 17:28:55', '0000-00-00 00:00:00', 0),
(161, 162, 6, '7698.00', '2013-11-11 17:36:33', '0000-00-00 00:00:00', 0),
(162, 163, 6, '790.00', '2013-11-11 17:41:08', '0000-00-00 00:00:00', 0),
(163, 164, 6, '1600.00', '2013-11-11 17:44:09', '0000-00-00 00:00:00', 0),
(165, 167, 7, '235.00', '2013-11-14 11:26:13', '0000-00-00 00:00:00', 0),
(166, 168, 7, '713.00', '2013-11-14 11:45:47', '0000-00-00 00:00:00', 0),
(172, 166, 5, '0.00', '2013-11-15 09:25:13', '0000-00-00 00:00:00', 0),
(185, 173, 5, '3090.00', '2013-11-22 08:51:15', '0000-00-00 00:00:00', 0),
(186, 174, 5, '700.00', '2013-11-22 09:44:40', '0000-00-00 00:00:00', 0),
(187, 175, 6, '2980.00', '2013-11-26 08:43:01', '0000-00-00 00:00:00', 0),
(188, 176, 6, '1960.00', '2013-11-26 08:46:38', '0000-00-00 00:00:00', 0),
(189, 177, 6, '380.00', '2013-11-26 08:49:25', '0000-00-00 00:00:00', 0),
(190, 178, 6, '980.00', '2013-11-26 08:52:43', '0000-00-00 00:00:00', 0),
(191, 179, 6, '1460.00', '2013-11-26 08:55:47', '0000-00-00 00:00:00', 0),
(192, 180, 6, '260.00', '2013-11-26 09:04:08', '0000-00-00 00:00:00', 0),
(193, 181, 6, '380.00', '2013-11-26 09:06:32', '0000-00-00 00:00:00', 0),
(194, 182, 7, '15448.00', '2013-11-26 11:45:37', '0000-00-00 00:00:00', 0),
(195, 169, 7, '7403.00', '2013-11-26 12:01:42', '0000-00-00 00:00:00', 0),
(196, 183, 7, '2225.00', '2013-11-26 16:13:41', '0000-00-00 00:00:00', 0),
(197, 184, 7, '1400.00', '2013-11-26 16:18:11', '0000-00-00 00:00:00', 0),
(198, 185, 7, '8210.00', '2013-11-26 17:11:14', '0000-00-00 00:00:00', 0),
(199, 186, 7, '500.00', '2013-11-26 17:17:16', '0000-00-00 00:00:00', 0),
(200, 187, 7, '878.00', '2013-11-26 17:22:32', '0000-00-00 00:00:00', 0),
(201, 188, 7, '1783.00', '2013-11-26 17:30:12', '0000-00-00 00:00:00', 0),
(203, 190, 6, '2680.00', '2013-11-27 14:01:39', '0000-00-00 00:00:00', 0),
(204, 191, 6, '3030.00', '2013-11-27 14:04:35', '0000-00-00 00:00:00', 0),
(205, 192, 6, '0.00', '2013-11-27 14:07:05', '0000-00-00 00:00:00', 0),
(206, 193, 6, '4932.00', '2013-11-27 14:11:25', '0000-00-00 00:00:00', 0),
(207, 194, 6, '4200.00', '2013-11-27 14:15:57', '0000-00-00 00:00:00', 0),
(208, 195, 6, '4780.00', '2013-11-27 14:19:37', '0000-00-00 00:00:00', 0),
(209, 196, 6, '4780.00', '2013-11-27 14:24:24', '0000-00-00 00:00:00', 0),
(210, 197, 5, '1160.00', '2013-12-04 09:54:49', '0000-00-00 00:00:00', 0),
(211, 199, 5, '7129.00', '2013-12-04 10:12:10', '0000-00-00 00:00:00', 0),
(218, 202, 5, '2830.00', '2013-12-06 16:37:36', '0000-00-00 00:00:00', 0),
(219, 203, 7, '2500.00', '2013-12-09 14:54:31', '0000-00-00 00:00:00', 0),
(222, 205, 8, '220.80', '2014-01-21 16:36:22', '0000-00-00 00:00:00', 0);

-- --------------------------------------------------------

--
-- Table structure for table `month`
--

CREATE TABLE IF NOT EXISTS `month` (
  `m_id` int(11) NOT NULL AUTO_INCREMENT,
  `m_desc` varchar(200) NOT NULL,
  PRIMARY KEY (`m_id`)
) ENGINE=InnoDB  DEFAULT CHARSET=latin1 AUTO_INCREMENT=13 ;

--
-- Dumping data for table `month`
--

INSERT INTO `month` (`m_id`, `m_desc`) VALUES
(1, 'JANUARI'),
(2, 'FEBUARI'),
(3, 'MAC'),
(4, 'APRIL'),
(5, 'MEI'),
(6, 'JUN'),
(7, 'JULAI'),
(8, 'OGOS'),
(9, 'SEPTEMBER'),
(10, 'OKTOBER'),
(11, 'NOVEMBER'),
(12, 'DISEMBER');

-- --------------------------------------------------------

--
-- Table structure for table `part_letter_order`
--

CREATE TABLE IF NOT EXISTS `part_letter_order` (
  `plo_id` int(10) NOT NULL AUTO_INCREMENT,
  `lo_id` int(10) NOT NULL,
  `plo_name` varchar(200) NOT NULL,
  `plo_partno` varchar(200) NOT NULL,
  `plo_quantity` int(11) NOT NULL,
  `plo_totalprice` double NOT NULL,
  `plo_datetime` datetime NOT NULL,
  PRIMARY KEY (`plo_id`)
) ENGINE=InnoDB  DEFAULT CHARSET=latin1 AUTO_INCREMENT=861 ;

--
-- Dumping data for table `part_letter_order`
--

INSERT INTO `part_letter_order` (`plo_id`, `lo_id`, `plo_name`, `plo_partno`, `plo_quantity`, `plo_totalprice`, `plo_datetime`) VALUES
(5, 4, 'ff', 'ff', 55, 55, '2013-08-28 20:25:55'),
(6, 5, 'gg', 'g1', 23, 23, '2013-08-28 20:26:22'),
(7, 6, 'rr', 'rr', 123, 123, '2013-08-28 20:26:47'),
(8, 7, 'hhh7', 'h7', 700, 70, '2013-08-29 15:47:56'),
(9, 8, 'PINTU', '', 0, 250, '2013-09-06 16:42:25'),
(10, 9, 'MINYAK', 'HYRAND', 0, 10000, '2013-09-13 10:26:41'),
(11, 10, 'HYDRAULIC HOSE BUCKET BELAKANG', '', 2, 280, '2013-09-13 11:55:12'),
(12, 10, 'HYDRAULIC HOSE SWING', '', 2, 280, '2013-09-13 11:55:12'),
(13, 10, 'HYDRAULIC HOSE SWING', '', 2, 380, '2013-09-13 11:55:16'),
(14, 11, 'HYD PUMP REPAIR KIT', '', 1, 1850, '2013-09-13 15:34:13'),
(15, 12, 'BRAKE RANTAI', '', 1, 260, '2013-09-13 15:42:44'),
(17, 14, 'BATERI', 'NTOZ', 2, 375, '2013-09-13 16:00:27'),
(18, 15, 'SHIM', '9323101335', 2, 20, '2013-09-18 16:22:30'),
(19, 15, 'CONICAL ROLLER BEARING', '935229705', 2, 260, '2013-09-18 16:22:42'),
(20, 15, 'CONICAL ROLLER BEARING', '935229706', 2, 280, '2013-09-18 16:22:42'),
(21, 15, 'BEARING COVER', '756061105', 2, 180, '2013-09-18 16:22:42'),
(22, 15, 'SHIM', '932101067', 2, 22, '2013-09-18 16:22:42'),
(23, 15, 'CONICAL ROLLER BEARING', '935236610', 2, 310, '2013-09-18 16:22:42'),
(24, 15, 'ROLLER BEARING', '935236609', 2, 318, '2013-09-18 16:22:42'),
(25, 15, 'GUIDE RING', '756061528', 2, 140, '2013-09-18 16:22:42'),
(26, 15, 'SHAFT SEAL RING', '935355064', 2, 155, '2013-09-18 16:22:42'),
(27, 15, 'SHIM', '7560661559', 2, 25, '2013-09-18 16:22:42'),
(28, 15, 'GEAR OIL EP90', '', 1, 108, '2013-09-18 16:22:42'),
(29, 15, 'ALTERNATOR BELTING', '', 1, 118, '2013-09-18 16:22:42'),
(30, 15, 'ENGINE AIR COOLER BELT', '', 1, 120, '2013-09-18 16:22:42'),
(31, 16, 'HYD HOS', '', 2, 160, '2013-09-18 17:50:33'),
(32, 19, 'HYD HOS', '', 3, 375, '2013-09-23 12:22:07'),
(33, 22, 'OILSEAL KIT', '', 2, 700, '2013-09-23 12:43:33'),
(34, 22, 'UNIVERSAL COUPLING', '', 1, 720, '2013-09-23 12:43:33'),
(35, 22, 'HYD HOS', '', 1, 380, '2013-09-23 12:43:33'),
(36, 23, 'BUCKET TOOTH', '', 1, 2205, '2013-09-23 12:52:05'),
(37, 23, 'BOLT & NUT', '', 1, 324, '2013-09-23 12:52:05'),
(38, 23, 'OIL FILTER', '', 1, 118, '2013-09-23 12:52:05'),
(39, 23, 'FUEL FILTER', '', 1, 48, '2013-09-23 12:52:05'),
(40, 23, 'AUTO OIL', '', 1, 64, '2013-09-23 12:52:05'),
(41, 23, 'AIR CLEANER', '', 1, 168, '2013-09-23 12:52:05'),
(42, 23, 'HYDRAULIK FILTER', '', 1, 62, '2013-09-23 12:52:05'),
(43, 24, 'CONTROL VALVE KIT', '', 1, 600, '2013-09-23 12:59:08'),
(44, 25, 'hydraulik main pump kit', '', 1, 1900, '2013-09-25 15:08:13'),
(45, 25, 'hydraulik valve control set', '', 1, 460, '2013-09-25 15:08:13'),
(46, 26, 'swing selinder pump', '', 1, 2780, '2013-09-25 18:00:11'),
(47, 26, 'hos', '', 2, 775, '2013-09-25 18:00:11'),
(48, 27, 'SKIMMING FLYWHEEL', '', 1, 120, '2013-09-26 16:35:39'),
(49, 27, 'CLUTCH PLATE', '', 1, 812, '2013-09-26 16:35:39'),
(50, 27, 'CLUTCH COVER', '', 1, 1236, '2013-09-26 16:35:39'),
(51, 27, 'CLUTCH BEARING', '', 1, 145, '2013-09-26 16:35:39'),
(52, 27, 'TOP CLUTCH PUMP ASSY', '', 1, 314, '2013-09-26 16:35:39'),
(53, 27, 'BOTTOM CLUTCH PUMP ASSY', '', 1, 278, '2013-09-26 16:35:39'),
(54, 28, 'SWITCH AIRCOND', '', 1, 260, '2013-09-26 16:43:11'),
(55, 29, 'CONDENSER FAN MOTOR ASSY', '', 1, 220, '2013-09-26 16:51:01'),
(56, 29, 'REFILL GAS AIRCOND', '', 2, 35, '2013-09-26 16:51:01'),
(57, 29, 'REFILL AIRCOND COMPRESSOR OIL', '', 1, 45, '2013-09-26 16:51:01'),
(58, 29, 'FLUSHING SISTEM AIRCOND', '', 1, 40, '2013-09-26 16:51:01'),
(59, 29, 'IDLE ARM ASSY', '', 1, 225, '2013-09-26 16:51:01'),
(60, 29, 'PIT MIN ARM ASSY', '', 1, 190, '2013-09-26 16:51:01'),
(61, 29, 'ALIGMENT STERING', '', 1, 45, '2013-09-26 16:51:01'),
(62, 29, 'ADJUST & FIX SHIM FRONT CHAMBER', '', 1, 90, '2013-09-26 16:51:01'),
(63, 30, 'CLUTCH PUMP ATAS', '', 1, 350, '2013-09-26 17:06:22'),
(64, 30, 'CLUTCH PUMP BAWAH', '', 1, 285, '2013-09-26 17:06:22'),
(65, 30, 'MINYAK CLUTCH', '', 2, 18, '2013-09-26 17:06:22'),
(66, 31, 'CLUTCH PUMP ATAS', '', 1, 350, '2013-09-26 17:10:17'),
(67, 31, 'CLUTCH PUMP BAWAH', '', 1, 285, '2013-09-26 17:10:17'),
(68, 31, 'MINYAK CLUTCH', '', 2, 18, '2013-09-26 17:10:17'),
(69, 32, 'PIPING LEAKING', '', 1, 130, '2013-09-26 17:16:33'),
(70, 32, 'LIQUID HOSE DISCHARGE', '', 1, 120, '2013-09-26 17:16:33'),
(71, 32, 'VACUUM AIRCOND SYSTEM', '', 1, 80, '2013-09-26 17:16:33'),
(72, 32, 'REFILL GAS AIRCOND R12', '', 1, 180, '2013-09-26 17:16:33'),
(73, 33, 'CHECK WIRING', '', 1, 320, '2013-09-26 17:21:41'),
(74, 33, 'RELAY STARTER', '', 1, 85, '2013-09-26 17:21:41'),
(75, 34, 'CAT ICI GOLDEN YELLOW', '', 1, 290, '2013-09-26 17:25:01'),
(76, 35, 'CAT ICI GOLDEN YELLLOW', '', 8, 58, '2013-09-27 11:01:14'),
(77, 35, 'THINNER', '', 1, 155, '2013-09-27 11:01:14'),
(78, 35, 'POLLY PUTTY BESAR ( CEMENT MERAH)', '', 1, 72, '2013-09-27 11:01:14'),
(79, 35, 'SCRAPPER STEEL', '', 2, 32, '2013-09-27 11:01:14'),
(80, 35, 'CAT HITAM ICI', '', 2, 58, '2013-09-27 11:01:14'),
(81, 35, 'BERUS CAT 1"', '', 5, 5, '2013-09-27 11:01:14'),
(82, 35, 'BERUS CAT 3"', '', 5, 9, '2013-09-27 11:01:14'),
(83, 35, 'KERTAS PASIR 150', '', 10, 3, '2013-09-27 11:01:14'),
(84, 35, 'KERTAS PASIR 240', '', 10, 3, '2013-09-27 11:01:14'),
(85, 35, 'KERTAS PASIR MESIN 150', '', 10, 6, '2013-09-27 11:01:14'),
(86, 35, 'MASKING TAPE 2" 1 ROLLS', '', 6, 6.5, '2013-09-27 11:01:14'),
(87, 35, 'MASKING TAPE 3" 1 ROLL', '', 6, 9, '2013-09-27 11:01:14'),
(88, 36, 'DISCHARGE HOSE', '', 1, 75, '2013-09-27 11:15:43'),
(89, 36, 'FELTER DRIER', '', 1, 60, '2013-09-27 11:15:43'),
(90, 36, 'BEARING IDDLE', '', 1, 45, '2013-09-27 11:15:43'),
(91, 36, 'VACUUM CHARGE GAS R12', '', 1, 75, '2013-09-27 11:15:43'),
(92, 36, 'TOPUP COMP OIL', '', 1, 20, '2013-09-27 11:15:43'),
(93, 37, 'EXPANSION VALVE', '', 1, 60, '2013-09-27 16:18:01'),
(94, 37, 'FELTER DRIER', '', 1, 90, '2013-09-27 16:18:01'),
(95, 37, 'BEARING', '', 1, 45, '2013-09-27 16:18:01'),
(96, 37, 'VACUUM CHARGE GAS R12', '', 1, 75, '2013-09-27 16:18:01'),
(97, 37, 'TOPUP COMP OIL', '', 1, 20, '2013-09-27 16:18:01'),
(98, 38, 'CONDENSER', '', 1, 365, '2013-09-27 16:25:22'),
(99, 38, 'FELTER DRIER C/W PLUG', '', 1, 60, '2013-09-27 16:25:22'),
(100, 38, 'THERMOSTAT SWITCH', '', 1, 65, '2013-09-27 16:25:22'),
(101, 38, 'VACUUM CHARGE GAS R12', '', 1, 75, '2013-09-27 16:25:22'),
(102, 38, 'TOPUP COMP OIL', '', 1, 20, '2013-09-27 16:25:22'),
(103, 39, 'COOLING COIL', '', 1, 435, '2013-09-27 16:52:23'),
(104, 39, 'DISCHARGE PIPE', '', 1, 75, '2013-09-27 16:52:23'),
(105, 39, 'SUCTION PIPE', '', 1, 58, '2013-09-27 16:52:23'),
(106, 39, 'RECEIVER DRIER REAR', '', 1, 45, '2013-09-27 16:52:23'),
(107, 39, 'RECEIVER DRIER FRONT', '', 1, 55, '2013-09-27 16:52:23'),
(108, 39, 'EXPANSION VALVE FRONT', '', 1, 85, '2013-09-27 16:52:23'),
(109, 39, 'EXPANSION VALVE REAR', '', 1, 85, '2013-09-27 16:52:23'),
(110, 39, 'R12 AIRCOND GAS', '', 2, 35, '2013-09-27 16:52:23'),
(111, 39, 'R12 COMP OIL C/W VACUUM', '', 1, 20, '2013-09-27 16:52:23'),
(112, 40, '5 SPEED SWITCH', '', 1, 75, '2013-09-27 16:59:31'),
(113, 40, 'R12 AIRCOND GAS', '', 2, 20, '2013-09-27 16:59:31'),
(114, 41, 'RADIATOR FAN', '', 1, 520, '2013-09-27 17:42:18'),
(115, 42, 'SOCKET PLUG', '', 1, 18, '2013-10-01 14:57:45'),
(116, 42, 'STEP COVER', '', 1, 22, '2013-10-01 14:57:45'),
(117, 42, 'WHITE TAPE', '', 1, 4, '2013-10-01 14:57:45'),
(118, 43, 'SOCKET PLUG', '', 1, 18, '2013-10-01 15:05:00'),
(119, 43, 'STEP COVER', '', 1, 22, '2013-10-01 15:05:00'),
(120, 43, 'WHITE TAPE', '', 1, 4, '2013-10-01 15:05:00'),
(121, 45, 'ORING GEAR BOX', '', 1, 215, '2013-10-02 11:39:48'),
(122, 45, 'HOSE RADIATOR', '', 1, 145, '2013-10-02 11:39:48'),
(123, 46, 'REPAIR EKZOS ( NUT PATAH )', '', 3, 60, '2013-10-02 12:00:33'),
(124, 46, 'GASKET EKZOS', '', 1, 120, '2013-10-02 12:00:33'),
(125, 46, 'ABSORBER HADAPAN', '', 2, 220, '2013-10-02 12:00:33'),
(126, 46, 'NUT EKZOS', '', 1, 45, '2013-10-02 12:00:33'),
(127, 47, 'WIRE HYDROLIK', '', 1, 580, '2013-10-02 12:05:55'),
(128, 47, 'SPEEDOMETER SWITCH', '', 1, 630, '2013-10-02 12:05:55'),
(129, 47, 'WIRING', '', 1, 120, '2013-10-02 12:05:55'),
(130, 48, 'PIPE POWER STERENG', '', 1, 220, '2013-10-02 12:11:50'),
(131, 48, 'MINYAK AUTO', '', 3, 32, '2013-10-02 12:11:50'),
(132, 48, 'STARTER ASSY', '', 1, 850, '2013-10-02 12:11:50'),
(133, 48, 'ALIGMENT', '', 1, 55, '2013-10-02 12:11:50'),
(134, 48, 'SERVIS RADIATOR', '', 1, 140, '2013-10-02 12:11:50'),
(135, 49, 'MEMASANG KIPAS ANGIN DALAM SERTA WIRING', '', 1, 280, '2013-10-02 12:21:34'),
(136, 49, 'KERJA-KERJA MENGETUK,MELARAS,WELDING BUCKET BAHAGIAN DALAM', '', 1, 460, '2013-10-02 12:21:34'),
(137, 50, 'YANMAR SPRING', '', 1, 56, '2013-10-02 12:33:47'),
(138, 50, 'MOUNTING', '', 2, 28, '2013-10-02 12:33:47'),
(139, 50, 'ENGINE OIL', '', 1, 38, '2013-10-02 12:33:47'),
(140, 50, 'BELTING', '', 1, 36, '2013-10-02 12:33:47'),
(141, 50, 'BOLT & NUT', '', 2, 2.5, '2013-10-02 12:33:47'),
(142, 50, 'EKZOS STUD & NUT', '', 2, 12, '2013-10-02 12:33:47'),
(143, 52, 'LOGO JKR', '', 1, 250, '2013-10-02 16:23:07'),
(144, 53, 'LOGO JKR', '', 1, 180, '2013-10-02 16:25:36'),
(145, 54, 'LOGO JKR', '', 1, 180, '2013-10-02 18:17:38'),
(146, 55, 'PLUG', '', 1, 18, '2013-10-02 18:21:40'),
(147, 55, 'SOCKET PLUG', '', 1, 26, '2013-10-02 18:21:40'),
(148, 55, 'BOLT & NUT', '', 4, 2.5, '2013-10-02 18:21:40'),
(149, 55, 'RUBBER BUSH', '', 2, 28, '2013-10-02 18:21:40'),
(150, 55, 'CYLINDER OIL', '', 1, 38, '2013-10-02 18:21:40'),
(151, 56, 'PLUG', '', 1, 18, '2013-10-02 18:29:43'),
(152, 56, 'SOCKET PLUG', '', 1, 26, '2013-10-02 18:29:43'),
(153, 56, 'BOLT & NUT', '', 4, 2.5, '2013-10-02 18:29:43'),
(154, 56, 'RUBBER BUSH', '', 2, 28, '2013-10-02 18:29:43'),
(155, 56, 'CYLINDER OIL', '', 1, 38, '2013-10-02 18:29:43'),
(156, 58, 'CAT KUNING GOLDEN YELLOW', '', 3, 58, '2013-10-04 08:16:54'),
(157, 58, 'CAT ICI ADMIRAL GREY', '', 3, 58, '2013-10-04 08:16:54'),
(158, 58, 'CAT ICI HITAM KILAT', '', 3, 58, '2013-10-04 08:16:54'),
(159, 58, 'THINNER', '', 1, 155, '2013-10-04 08:16:54'),
(160, 58, 'MASKING TAPE 1''', '', 10, 6, '2013-10-04 08:16:54'),
(161, 58, 'KERTAS PASIR 240', '', 10, 7, '2013-10-04 08:16:54'),
(162, 58, 'KERTAS PASIR MESIN', '', 10, 7, '2013-10-04 08:16:54'),
(163, 58, 'TUALA GOOD MOORNING', '', 12, 2.5, '2013-10-04 08:16:54'),
(164, 59, 'CAT ICI GOLDEN YELLOW', '', 3, 58, '2013-10-04 08:55:55'),
(165, 59, 'CAT ICI ADMIRAL GREY', '', 3, 58, '2013-10-04 08:55:55'),
(166, 59, 'CAT ICI HITAM KILAT', '', 3, 58, '2013-10-04 08:55:55'),
(167, 59, 'LICKER 1080', '', 4, 126, '2013-10-04 08:55:55'),
(168, 59, 'UNDER COAT ( 700 WHITE PREMIER )', '', 4, 46, '2013-10-04 08:55:55'),
(169, 59, 'SAND PAPER 1000', '', 20, 5, '2013-10-04 08:55:55'),
(170, 59, 'SAND PAPER 500', '', 20, 4, '2013-10-04 08:55:55'),
(171, 59, 'SAND PAPER 240', '', 20, 3, '2013-10-04 08:55:55'),
(172, 59, 'THINNER', '', 1, 155, '2013-10-04 08:55:55'),
(173, 59, 'POLLY PUTTY BESAR MERAH', '', 1, 72, '2013-10-04 08:55:55'),
(174, 59, 'POLLY PUTTY BESAR KUNING', '', 1, 72, '2013-10-04 08:55:55'),
(175, 59, 'SAND PAPER MACHINE 400', '', 20, 7, '2013-10-04 08:55:55'),
(176, 59, 'SAND PAPER MACHINE 240', '', 20, 7, '2013-10-04 08:55:55'),
(177, 59, 'SAND PAPER MACHINE 150', '', 20, 6, '2013-10-04 08:55:55'),
(178, 59, 'MASKING TAPE 1''', '', 10, 6, '2013-10-04 08:55:55'),
(179, 59, 'MASKING TAPE 2''', '', 10, 6.5, '2013-10-04 08:55:55'),
(180, 59, 'BERUS CAT 1''', '', 5, 5, '2013-10-04 08:55:55'),
(181, 59, 'BERUS CAT 2''', '', 5, 8, '2013-10-04 08:55:55'),
(182, 59, 'BERUS CAT 3''', '', 5, 9, '2013-10-04 08:55:55'),
(183, 59, 'MUD FLAP DEPAN & BELAKANG', '', 4, 35, '2013-10-04 08:55:55'),
(184, 59, 'FLOOR MAT', '', 4, 45, '2013-10-04 08:55:55'),
(185, 59, 'COVER SIGNAL HADAPAN', '', 2, 152, '2013-10-04 08:55:55'),
(186, 59, 'COVER SIGNAL BELAKANG', '', 2, 176, '2013-10-04 08:55:55'),
(187, 59, 'TORCH ( GAS )', '', 1, 65, '2013-10-04 08:55:55'),
(189, 60, 'THROTTLE SENSOR UNIT', '', 1, 686, '2013-10-04 11:03:28'),
(190, 60, 'ABS PUMP BOARD UNIT', '', 1, 2795, '2013-10-04 11:03:28'),
(191, 60, 'BRAKE OIL - DOT A', '', 1, 18, '2013-10-04 11:03:28'),
(192, 60, 'DIAGNOSS BY COMPUTER', '', 1, 65, '2013-10-04 11:03:28'),
(193, 61, 'BATERI NS 70Z', '', 2, 300, '2013-10-04 14:26:42'),
(194, 62, 'ALTERNATOR ASSY 12V/65 AMP', '', 1, 1985, '2013-10-04 14:31:35'),
(195, 62, 'ALTERNATOR BY PASS HOSE', '', 1, 68, '2013-10-04 14:31:35'),
(196, 62, 'FRONT BONET CABLE HANDLE', '', 1, 65, '2013-10-04 14:31:35'),
(197, 62, 'DIAGNOS BY COMPUTER TECH 2', '', 1, 65, '2013-10-04 14:31:35'),
(198, 63, 'WIPER BLADE 18'' DEPAN', '', 2, 29.5, '2013-10-04 14:37:04'),
(199, 63, 'WIPER BLADE 14'' BELAKANG', '', 1, 25, '2013-10-04 14:37:04'),
(200, 63, 'SHOCK ABSORBER DEPAN', '', 2, 170, '2013-10-04 14:37:04'),
(201, 63, 'SHOCK ABSORBER BELAKANG', '', 2, 170, '2013-10-04 14:37:04'),
(202, 64, 'CONDENSER FAN MOTOR SD12V ( PANASONIC )', '', 1, 180, '2013-10-04 14:42:53'),
(203, 64, 'COOLING COIL - MITSUBISHI PAJERO', '', 1, 420, '2013-10-04 14:42:53'),
(204, 64, 'COPPER NUT 3/8 ''F''', '', 1, 10, '2013-10-04 14:42:53'),
(205, 64, 'R12 AIRCOND GAS', '', 2, 35, '2013-10-04 14:42:53'),
(206, 64, 'R12 COMP OIL C/W VACUUM', '', 1, 20, '2013-10-04 14:42:53'),
(207, 64, 'DISCHARGE PIPE', '', 1, 65, '2013-10-04 14:42:53'),
(208, 65, 'SUCTION PIPE 3/8 - 13 FEET', '', 1, 148, '2013-10-04 16:48:22'),
(209, 65, 'SUCTION PIPE 5/8 - 1 FEET', '', 1, 78, '2013-10-04 16:48:22'),
(210, 65, 'SUCTION PIPE - 5 FEET', '', 1, 115, '2013-10-04 16:48:22'),
(211, 65, 'REDUCER 5/8 TO 3/8 ''F''', '', 1, 30, '2013-10-04 16:48:22'),
(212, 65, 'SLIDING SWITCH 123 ( 3 SPEED )', '', 1, 35, '2013-10-04 16:48:22'),
(213, 65, 'IMPERIAL 3 RESISTOR', '', 1, 45, '2013-10-04 16:48:22'),
(214, 65, 'THERMOSTAT 18'' SLIDING ( PACIFIC )', '', 1, 65, '2013-10-04 16:48:22'),
(215, 65, 'R12 AIRCOND GAS', '', 2, 35, '2013-10-04 16:48:22'),
(216, 65, 'R12 COMP OIL C/W VACUUM', '', 1, 20, '2013-10-04 16:48:22'),
(217, 65, 'FITTING 3/8 DOUBLE ''F'' UNION', '', 1, 25, '2013-10-04 16:49:43'),
(218, 66, 'CONDENSER FAN MOTOR 12V', '', 1, 125, '2013-10-04 17:02:09'),
(219, 66, 'AIRCOND BELT', '', 1, 30, '2013-10-04 17:02:09'),
(220, 66, 'TOPUP GAS R12', '', 1, 30, '2013-10-04 17:02:09'),
(221, 67, 'TOPUP GAS R12', '', 1, 30, '2013-10-04 17:15:43'),
(222, 68, 'CLUTCH MAGNET', '', 1, 240, '2013-10-07 09:51:07'),
(223, 68, 'RECEIVER DRIER', '', 1, 58, '2013-10-07 09:51:07'),
(224, 68, 'EXPANSION VALVE', '', 1, 85, '2013-10-07 09:51:07'),
(225, 68, 'AIRCOND GAS 134A ( DOUBLE BLOWER )', '', 2, 60, '2013-10-07 09:51:07'),
(226, 68, 'VACUUM & COMPRESSOR OIL 134A', '', 1, 30, '2013-10-07 09:51:07'),
(227, 69, 'STERING BOX ASSY', '', 1, 1850, '2013-10-07 10:29:15'),
(228, 69, 'STERING HOSE', '', 1, 220, '2013-10-07 10:29:15'),
(229, 69, 'SERVIS RADIATOR', '', 1, 160, '2013-10-07 10:29:15'),
(230, 69, 'THERMOSTAT HOUSING', '', 1, 35, '2013-10-07 10:29:15'),
(231, 69, 'POWER STERING OIL', '', 3, 32, '2013-10-07 10:29:15'),
(232, 69, 'RADIATOR CAP', '', 1, 28, '2013-10-07 10:29:15'),
(233, 69, 'RADIATOR HOSE', '', 1, 68, '2013-10-07 10:29:15'),
(234, 69, 'ALIGMENT', '', 1, 55, '2013-10-07 10:29:15'),
(235, 70, 'LONG SHAFT MOUNTING', '', 1, 180, '2013-10-07 10:57:10'),
(236, 70, 'LONG SHAFT COUPLING', '', 1, 90, '2013-10-07 10:57:10'),
(237, 70, 'LOWER ARM BALL JOINT', '', 2, 125, '2013-10-07 10:57:10'),
(238, 70, 'UPPER ARM BUSH', '', 2, 95, '2013-10-07 10:57:10'),
(239, 70, 'PRESS OUT & FIX UPPER ARM BUSH', '', 2, 60, '2013-10-07 10:57:10'),
(240, 70, 'FRONT ABSORBER', '', 2, 85, '2013-10-07 10:57:10'),
(241, 70, 'REAR ABSORBER', '', 2, 85, '2013-10-07 10:57:10'),
(242, 70, 'BRAKE MASTER PUMP ASSY', '', 1, 285, '2013-10-07 10:57:10'),
(243, 70, 'BRAKE OIL', '', 1, 15, '2013-10-07 10:57:10'),
(244, 70, 'ADJUST CHAMBER & CASTER', '', 1, 90, '2013-10-07 10:57:10'),
(245, 70, 'ALIGMENT TYRE & STERING', '', 1, 60, '2013-10-07 10:57:10'),
(246, 71, 'EKZOS BOX ASSY', '', 1, 480, '2013-10-07 11:01:39'),
(247, 72, 'STERENG BOX ASSY', '', 1, 1850, '2013-10-07 11:31:16'),
(248, 72, 'STERENG HOSE', '', 1, 220, '2013-10-07 11:31:16'),
(249, 72, 'SERVIS RADIATOR', '', 1, 160, '2013-10-07 11:31:16'),
(250, 72, 'THERMOSTAT HOUSING', '', 1, 35, '2013-10-07 11:31:16'),
(251, 72, 'POWER STERENG OIL', '', 3, 32, '2013-10-07 11:31:16'),
(252, 72, 'RADIATOR CAP', '', 1, 28, '2013-10-07 11:31:16'),
(253, 72, 'RADIATOR HOSE ( TOP )', '', 1, 68, '2013-10-07 11:31:16'),
(254, 72, 'ALIGMENT', '', 1, 55, '2013-10-07 11:31:16'),
(255, 73, 'TANGKI MINYAK', '', 1, 150, '2013-10-07 11:39:27'),
(257, 75, 'SWITCH ON/OFF', '', 1, 45, '2013-10-18 08:31:43'),
(258, 75, 'FAN 24V', '', 1, 180, '2013-10-18 08:31:43'),
(259, 76, 'MINYAK ENJIN', '', 2, 28, '2013-10-18 09:49:06'),
(260, 76, 'O RING', '', 2, 6.5, '2013-10-18 09:49:06'),
(261, 77, 'TROLLEY TYRE', '', 1, 65, '2013-10-18 09:52:31'),
(262, 78, 'CERMIN HADAPAN', '', 1, 1850, '2013-10-18 09:56:26'),
(263, 78, 'BRACKET CERMIN', '', 1, 320, '2013-10-18 09:56:26'),
(264, 78, 'GAM CERMIN', '', 2, 38, '2013-10-18 09:56:26'),
(265, 79, 'CERMIN HADAPAN', '', 1, 1850, '2013-10-18 10:00:23'),
(266, 79, 'BRACKET CERMIN', '', 1, 320, '2013-10-18 10:00:23'),
(267, 79, 'GAM CERMIN', '', 2, 38, '2013-10-18 10:00:23'),
(268, 80, 'FUEL TANK ASSY C/W CAP', '', 1, 345, '2013-10-18 10:33:54'),
(269, 80, 'FUEL TANK FILTER', '', 1, 128, '2013-10-18 10:33:54'),
(270, 81, '16'' SAW CHAIN STIHL', '', 2, 112, '2013-10-18 10:46:13'),
(271, 81, '20'' SAW CHAIN STIHL', '', 2, 120, '2013-10-18 10:46:13'),
(272, 81, 'PLUG', '', 2, 10, '2013-10-18 10:46:13'),
(273, 81, 'FILE SAW 16''', '', 1, 12, '2013-10-18 10:46:13'),
(274, 81, 'FILE SAW 20''', '', 1, 15, '2013-10-18 10:46:13'),
(275, 82, 'O RING PIPE', '', 1, 8, '2013-10-18 11:00:24'),
(276, 82, 'TOP UP GAS R12', '', 1, 30, '2013-10-18 11:00:24'),
(277, 82, 'COMPRESSOR OIL & REFRIGRANT ADDITIVE', '', 1, 80, '2013-10-18 11:00:24'),
(278, 82, 'SERVIS COOLING COIL', '', 1, 25, '2013-10-18 11:00:24'),
(279, 83, 'CONDENSER FAN MOTOR 24V', '', 1, 125, '2013-10-18 11:51:43'),
(280, 83, 'TOPUP GAS R12', '', 1, 30, '2013-10-18 11:51:43'),
(285, 87, 'BATERI NS 70', '', 2, 380, '2013-10-21 13:38:34'),
(286, 88, 'BELTING AIRCOND', '', 1, 220, '2013-10-21 13:48:11'),
(287, 88, 'BELTING FAN', '', 2, 215, '2013-10-21 13:48:11'),
(288, 88, 'TUNNING PDI', '', 1, 150, '2013-10-21 13:48:11'),
(289, 88, 'BEARING TENSIONER', '', 1, 280, '2013-10-21 13:48:11'),
(290, 89, 'POWER STERENG PUMP', '', 1, 2690, '2013-10-21 14:54:16'),
(291, 89, 'POWER STERENG OIL', '', 5, 45, '2013-10-21 14:54:16'),
(292, 89, 'POWER STERENG FLUSH', '', 1, 450, '2013-10-21 14:54:16'),
(293, 89, 'OIL STRAINER (AUTO)', '', 1, 785, '2013-10-21 14:54:16'),
(294, 89, 'GASKET OIL PAN', '', 1, 380, '2013-10-21 14:54:16'),
(295, 90, 'CANVAS BELAKANG', '', 1, 1780, '2013-10-21 15:06:27'),
(296, 90, 'WIRING SIGNAL', '', 1, 120, '2013-10-21 15:06:27'),
(297, 90, 'BULB', '', 1, 35, '2013-10-21 15:06:27'),
(298, 90, 'ABSORBER DEPAN', '', 2, 380, '2013-10-21 15:06:27'),
(299, 91, 'COMPRESSOR ASSY', '', 1, 850, '2013-10-21 15:15:22'),
(300, 91, 'VALVE', '', 1, 285, '2013-10-21 15:15:22'),
(301, 91, 'DRIER', '', 1, 185, '2013-10-21 15:15:22'),
(302, 91, 'SUCTION HOSE', '', 1, 250, '2013-10-21 15:15:22'),
(303, 91, 'LIQUID DISCHARGE HOSE', '', 1, 85, '2013-10-21 15:15:22'),
(304, 91, 'O RING', '', 1, 40, '2013-10-21 15:15:22'),
(305, 91, 'REFILL GAS R134A', '', 1, 150, '2013-10-21 15:15:22'),
(306, 91, 'SERVIS COOLING COIL', '', 1, 120, '2013-10-21 15:15:22'),
(307, 92, 'VALVE', '', 1, 285, '2013-10-21 16:28:55'),
(308, 92, 'DRIER', '', 1, 185, '2013-10-21 16:28:55'),
(309, 92, 'DISCHARGE HOSE', '', 1, 220, '2013-10-21 16:28:55'),
(310, 92, 'SERVIS COOLING COIL', '', 1, 75, '2013-10-21 16:28:55'),
(311, 92, 'FLUSHING', '', 1, 60, '2013-10-21 16:28:55'),
(312, 92, 'O RING', '', 1, 45, '2013-10-21 16:28:55'),
(313, 92, 'REFILL GAS R123A', '', 1, 150, '2013-10-21 16:28:55'),
(314, 92, 'VACUM', '', 1, 40, '2013-10-21 16:28:55'),
(315, 93, 'REPAIR TIPPER BELAKANG', '', 1, 3590, '2013-10-21 16:33:17'),
(316, 93, 'REPAIR LOCK TIPPER', '', 1, 450, '2013-10-21 16:33:17'),
(317, 93, 'CAT BADAN LORI', '', 1, 250, '2013-10-21 16:33:17'),
(318, 94, 'REPAIR BUMPER DEPAN', '', 1, 350, '2013-10-22 18:08:30'),
(319, 94, 'SPRAY BUMPER DEPAN', '', 1, 450, '2013-10-22 18:08:30'),
(320, 94, 'KARPET DALAM', '', 1, 250, '2013-10-22 18:08:30'),
(321, 95, 'OIL PUMP ASSY', '', 1, 850, '2013-10-22 18:14:59'),
(322, 95, 'PULLY CRANK SHAFT', '', 1, 85, '2013-10-22 18:14:59'),
(323, 95, 'OIL PUMP GASKET', '', 1, 22, '2013-10-22 18:14:59'),
(324, 95, 'OIL SUMP GASKET', '', 1, 35, '2013-10-22 18:14:59'),
(325, 95, 'SIGNAL F/R', '', 1, 48, '2013-10-22 18:14:59'),
(326, 95, 'BRAKE PUMP', '', 2, 45, '2013-10-22 18:14:59'),
(327, 95, 'BRAKE OIL', '', 2, 18, '2013-10-22 18:14:59'),
(328, 96, 'SELEKTOR SWITCH', '', 1, 320, '2013-10-22 18:18:48'),
(329, 96, 'REFILL GAS R134A', '', 1, 180, '2013-10-22 18:18:48'),
(330, 97, 'BELTING AIRCOND ', '', 1, 220, '2013-10-22 18:29:46'),
(331, 97, 'BELTING FAN', '', 2, 215, '2013-10-22 18:29:46'),
(332, 97, 'TUNNING PDT', '', 1, 150, '2013-10-22 18:29:46'),
(333, 97, 'CHECK PULLY CRANK SHAFT', '', 1, 250, '2013-10-22 18:29:46'),
(334, 97, 'SERVIS RADIATOR', '', 1, 120, '2013-10-22 18:29:46'),
(335, 97, 'TAMPAL RADIATOR BOCOR', '', 1, 115, '2013-10-22 18:29:46'),
(336, 98, 'CLUTCH PLATE', '', 1, 350, '2013-10-22 18:38:01'),
(337, 98, 'CLUTCH COVER', '', 1, 420, '2013-10-22 18:38:01'),
(338, 98, 'CLUTCH BEARING', '', 1, 220, '2013-10-22 18:38:01'),
(339, 98, 'FLY WHEEL OIL SEAL', '', 1, 85, '2013-10-22 18:38:01'),
(340, 98, 'MINYAK GEAR BOX', '', 3, 18, '2013-10-22 18:38:01'),
(341, 98, 'CHECK WIRING LAMPU DEPAN', '', 1, 250, '2013-10-22 18:38:01'),
(342, 99, 'TIMING BELT', '', 1, 250, '2013-10-23 08:16:40'),
(343, 99, 'BELTING ALTERNATOR', '', 1, 65, '2013-10-23 08:16:40'),
(344, 99, 'BELTING AIRCOND', '', 1, 55, '2013-10-23 08:16:40'),
(345, 99, 'BELTING POWER STERENG', '', 1, 35, '2013-10-23 08:16:40'),
(346, 99, 'PLUG', '', 1, 40, '2013-10-23 08:16:40'),
(347, 99, 'CABLE PLUG', '', 1, 120, '2013-10-23 08:16:40'),
(348, 99, 'COIL INGNITION', '', 1, 320, '2013-10-23 08:16:40'),
(349, 99, 'ENGINE OIL', '', 1, 85, '2013-10-23 08:16:40'),
(350, 99, 'OIL FILTER', '', 1, 28, '2013-10-23 08:16:40'),
(351, 99, 'GASKET HEAD', '', 1, 78, '2013-10-23 08:16:40'),
(352, 99, 'INLET GASKET', '', 1, 25, '2013-10-23 08:16:40'),
(353, 99, 'DISTRIBUTER O RING', '', 1, 10, '2013-10-23 08:16:40'),
(354, 99, 'CUCI BODY', '', 1, 20, '2013-10-23 08:16:40'),
(355, 99, 'CUCI ENJIN', '', 1, 15, '2013-10-23 08:16:40'),
(356, 99, 'TUNNING PROTON', '', 1, 80, '2013-10-23 08:16:40'),
(357, 99, 'FUEL FILTER', '', 1, 65, '2013-10-23 08:16:40'),
(358, 100, 'COOLING COIL', 'H/C 33', 1, 580, '2013-10-23 09:46:38'),
(359, 100, 'BLOWER MOTOR', 'H/C 213', 1, 690, '2013-10-23 09:46:38'),
(360, 100, 'CONDENSER ', 'H/C3', 1, 500, '2013-10-23 09:46:38'),
(361, 100, 'EXPANTION VALVE', 'H/C 522', 1, 120, '2013-10-23 09:48:04'),
(362, 101, 'FUEL PUMP KIT', 'TFS/61611', 1, 780, '2013-10-23 11:58:18'),
(363, 101, 'PLUNJER ROTOR', 'TFS/1618', 4, 120, '2013-10-23 11:58:18'),
(364, 101, 'PUMP SHIM', 'TFS/1619', 4, 48, '2013-10-23 11:58:18'),
(369, 103, 'VALVE (F) KIA PREGIO', '', 1, 240, '2013-10-23 12:58:24'),
(370, 103, 'VALVE (R) KIA PREGIO', '', 1, 85, '2013-10-23 12:58:24'),
(371, 103, 'DISCHARGE HOSE', '', 1, 135, '2013-10-23 12:58:24'),
(372, 103, 'BUKA DAN PASANG DASHBOARD', '', 1, 250, '2013-10-23 12:58:24'),
(373, 103, 'BUKA & PASANG ROOF', '', 1, 120, '2013-10-23 12:58:24'),
(374, 103, 'SERVIS (F) COOLING COIL', '', 1, 80, '2013-10-23 12:58:24'),
(375, 103, 'SERVIS (R) COOLING COIL', '', 1, 80, '2013-10-23 12:58:24'),
(376, 103, 'MINYAK COMPRESSOR', '', 1, 60, '2013-10-23 12:58:24'),
(377, 103, 'O RING 5/8', '', 1, 28, '2013-10-23 12:58:24'),
(378, 103, 'O RING 1/2', '', 1, 28, '2013-10-23 12:58:24'),
(379, 103, 'REFILL GAS R134A', '', 1, 180, '2013-10-23 12:58:24'),
(380, 103, 'VACUUM A/C SYSTEM', '', 1, 85, '2013-10-23 12:58:24'),
(381, 104, 'UNIVERSAL JOINT', 'KB89423893003', 3, 110, '2013-10-23 15:45:20'),
(382, 104, 'BRAKE SHOSE', 'KB8942305390', 1, 136, '2013-10-23 15:45:20'),
(383, 104, 'WHEEL CYL BRAKE', 'KB89423350042', 2, 128, '2013-10-23 15:45:20'),
(384, 104, 'BRAKE PAD', 'KB8941366420', 1, 158, '2013-10-23 15:45:20'),
(385, 104, 'END ASSY UPER LINK', 'KB8942245503', 2, 118, '2013-10-23 15:45:20'),
(386, 104, 'END ASSY LOWER LINK', 'KB8942432361', 2, 160, '2013-10-23 15:45:20'),
(387, 104, 'TIE ROD END LH,RH', 'KB8942373511', 4, 118, '2013-10-23 15:45:20'),
(388, 104, 'BUSH UPPER LINK', 'KB894226557', 4, 96, '2013-10-23 15:45:20'),
(389, 104, 'BRAKE OIL', '1', 1, 22, '2013-10-23 15:47:39'),
(390, 101, 'INJECTOR NOZZLE KIT', 'TFS/91411', 4, 270, '2013-10-23 16:04:24'),
(392, 105, 'STICKER DAN LOGO JKR', '', 1, 280, '2013-10-23 16:43:06'),
(393, 105, 'CANVAS BELAKANG', '', 1, 1480, '2013-10-23 16:43:06'),
(394, 105, 'NO PLAT BRACKET', '', 1, 80, '2013-10-23 16:43:06'),
(395, 105, 'BRAKE PADDLE SPRING', '', 1, 12, '2013-10-23 16:43:06'),
(396, 105, 'DOOR REGULATOR HANDLE', '', 2, 28, '2013-10-23 16:43:06'),
(397, 105, 'RELAY', '', 1, 88, '2013-10-23 16:43:06'),
(398, 105, 'WIPER BLADE', '', 1, 88, '2013-10-23 16:43:06'),
(399, 105, 'DOOR KNOB ', '', 2, 8, '2013-10-23 16:43:06'),
(400, 106, 'HYRAX SUPER XHD SAE 30 API CD/SF', '', 3, 1260, '2013-10-25 08:27:26'),
(401, 106, 'HYRAX SUPER XHD SAE 40 API CD/SF', '', 2, 1300, '2013-10-25 08:27:26'),
(402, 106, 'HYRAX CARINA 15W/40SM/CG-4', '', 2, 145, '2013-10-25 08:27:26'),
(403, 106, 'HYRAX HLP ISO VG 68', '', 1, 1300, '2013-10-25 08:27:26'),
(404, 106, 'HYRAX ATF DEXTRON', '', 1, 1788, '2013-10-25 08:27:26'),
(405, 107, 'PLUG', '', 1, 52, '2013-10-25 08:45:06'),
(406, 107, 'MINYAK ENJIN', '', 1, 28, '2013-10-25 08:45:06'),
(408, 109, 'BALANCE LOCK', 'NKR212', 1, 100, '2013-10-25 15:58:52'),
(409, 109, 'MAGNETIC LOCK', 'NKR1312', 1, 0.001, '2013-10-25 15:58:52'),
(410, 109, 'BALANCE PLATFORM', 'NKR216', 1, 0.0012, '2013-10-25 15:58:52'),
(411, 109, 'MAGNETIC LOCK RELAY', 'NKR131218', 1, 0.0023, '2013-10-25 15:58:52'),
(412, 110, 'BRAKE MASTER PUMP', '1-47500207-0', 1, 850, '2013-10-29 08:40:48'),
(413, 110, 'REAR WHEEL BRAKE PUMP', '1-47600559-0', 1, 550, '2013-10-29 08:40:48'),
(420, 113, 'PISTON RING SET                                                  ', 'MD103392', 1, 676.5, '2013-10-29 10:03:37'),
(421, 113, '  COND ROD BEARING SET', 'MD026430', 1, 242, '2013-10-29 10:03:37'),
(422, 113, 'MAIN BEARING', 'MD310666', 1, 479, '2013-10-29 10:03:37'),
(423, 113, 'CONROD BUSH', 'MD050009', 1, 325, '2013-10-29 10:03:37'),
(424, 113, 'THRUST WASHER', 'MD116890', 1, 185, '2013-10-29 10:03:37'),
(425, 113, 'OVERHAUL GASKET', 'MD997233', 1, 752, '2013-10-29 10:03:37'),
(426, 113, 'OIL FILTER PUMP KIT', 'MD176185', 1, 588, '2013-10-29 10:03:37'),
(427, 113, 'ENGINE OIL', '', 1, 150, '2013-10-29 10:03:37'),
(428, 113, 'OIL FILTER', '', 1, 187, '2013-10-29 10:03:37'),
(429, 113, 'DIESEL FILTER', '', 1, 45, '2013-10-29 10:03:37'),
(430, 113, 'OIL TREATMENT', '', 1, 19, '2013-10-29 10:03:37'),
(431, 113, 'COOLANT', '', 1, 48, '2013-10-29 10:03:37'),
(432, 114, 'CLUTCH PLATE', 'MB 937205', 1, 885, '2013-10-29 16:11:05'),
(433, 114, 'CLUTCH COVER', 'MD 724426', 1, 620, '2013-10-29 16:11:05'),
(434, 114, 'CLUTCH BEARING', 'MD 719469', 1, 282, '2013-10-29 16:11:05'),
(435, 114, 'TIMING BELT', 'MD 134377', 1, 465, '2013-10-29 16:11:05'),
(436, 114, 'PULLEY TENSIONER', 'MD104578', 1, 1372, '2013-10-29 16:11:05'),
(437, 114, 'PULLEY IDLE', 'MD 050125', 1, 450, '2013-10-29 16:11:05'),
(438, 114, 'OIL PUMP BELT', 'MD15622', 1, 246, '2013-10-29 16:11:05'),
(439, 114, 'CRANKSHAFT PULLY ASSY', 'MD 160546', 1, 420, '2013-10-29 16:11:05'),
(440, 115, 'EKZOS PAIP MESIN CAT', '', 1, 145, '2013-10-29 16:54:54'),
(441, 115, 'CLAMP', '', 2, 5.5, '2013-10-29 16:54:54'),
(442, 115, 'REGULATOR', '', 1, 58, '2013-10-29 16:54:54'),
(443, 116, 'ENGINE MOUNTING', '', 2, 28, '2013-10-29 16:59:10'),
(444, 117, 'HYDROLIC HOSE C/W COUPLING 19''', '', 1, 456, '2013-10-29 17:03:33'),
(445, 117, 'TAYAR COMPACT MACHINE', '', 4, 65, '2013-10-29 17:03:33'),
(446, 117, 'STOP VALVE', '', 2, 22, '2013-10-29 17:03:33'),
(447, 118, 'GAM', '', 2, 35, '2013-10-30 15:19:38'),
(448, 118, 'ADJUST PINTU DEPAN', '', 1, 150, '2013-10-30 15:19:38'),
(449, 119, 'COOLING COIL', '', 1, 420, '2013-10-30 15:28:08'),
(450, 119, 'VALVE', '', 1, 185, '2013-10-30 15:28:08'),
(451, 119, 'DRIER', '', 1, 165, '2013-10-30 15:28:08'),
(452, 119, 'PRESURE SWITCH', '', 1, 120, '2013-10-30 15:28:08'),
(453, 119, 'COMPRESSOR ASSY', '', 1, 880, '2013-10-30 15:28:08'),
(454, 119, 'SUCTION HOSE', '', 1, 140, '2013-10-30 15:28:08'),
(455, 119, 'DISCHARGE HOSE', '', 1, 85, '2013-10-30 15:28:08'),
(456, 119, 'REFILL GAS R134A', '', 1, 120, '2013-10-30 15:28:08'),
(457, 119, 'VACUUM ALL AIRCOND SYSTEM', '', 1, 60, '2013-10-30 15:28:08'),
(458, 120, 'SISTEM ALARM 1 SET', '', 1, 420, '2013-10-30 15:33:32'),
(459, 120, 'SPEAKER ALARM', '', 1, 95, '2013-10-30 15:33:32'),
(460, 121, 'COMPRESSOR ASSY', '', 1, 1650, '2013-10-30 15:43:43'),
(461, 121, 'VALVE', '', 1, 220, '2013-10-30 15:43:43'),
(462, 121, 'DRIER', '', 1, 160, '2013-10-30 15:43:43'),
(463, 121, 'DISCHARGE HOSE', '', 1, 280, '2013-10-30 15:43:43'),
(464, 121, 'VACUUM AIRCOND SYSTEM', '', 1, 85, '2013-10-30 15:43:43'),
(465, 122, 'CLUTCH PLATE', '8973771480', 1, 1252, '2013-10-31 11:53:29'),
(466, 122, 'CLUTCH COVER', '8973518330', 1, 1521, '2013-10-31 11:53:29'),
(467, 122, 'CLUTCH BEARING', '8973553130', 1, 510, '2013-10-31 11:53:29'),
(468, 122, 'REAR SPRING ASSY L/R', '897073224M', 2, 716, '2013-10-31 11:53:29'),
(469, 122, 'FRONT LEAF SPRING', '8971083320', 1, 96, '2013-10-31 11:53:29'),
(470, 122, 'BOTTOM CLUTCH PUMP ASSY', '8973494230', 1, 298, '2013-10-31 11:53:29'),
(471, 122, 'CENTRE BOLT', '', 3, 18, '2013-10-31 11:53:29'),
(472, 122, 'BRAKE OIL DOT 3', '', 1, 24, '2013-10-31 11:53:29'),
(473, 122, 'MUDFLAP', '', 1, 18, '2013-10-31 11:53:29'),
(474, 123, '3196 ALARM SET ASSY-COBRA', '', 1, 1120, '2013-10-31 14:54:55'),
(475, 123, 'SPEEDO SENSOR UNIT', '', 1, 885, '2013-10-31 14:54:55'),
(476, 123, 'REAR BONET OUTER HANDLE', '', 1, 150, '2013-10-31 14:54:55'),
(477, 123, 'TECH 2 COMPUTER DIAGNOSIS', '', 1, 65, '2013-10-31 14:54:55'),
(478, 124, 'NOZZLE PAIP', '', 4, 42, '2013-11-01 10:24:57'),
(479, 124, 'HOSE', '', 1, 56, '2013-11-01 10:24:57'),
(480, 125, 'FUEL TANK HOUSING MOUNTING', '', 10, 32, '2013-11-01 12:38:44'),
(481, 127, 'CLUTCH PUMP ASSY', '', 1, 720, '2013-11-01 12:50:09'),
(482, 127, 'BRAKE OIL', '', 1, 24, '2013-11-01 12:50:09'),
(483, 127, 'CLUTCH PUMP PIN', '', 1, 30, '2013-11-01 12:50:09'),
(484, 128, 'CLUTCH PLATE', '', 1, 550, '2013-11-01 12:59:23'),
(485, 128, 'CLUTCH COVER', '', 1, 580, '2013-11-01 12:59:23'),
(486, 128, 'CLUTCH BEARING', '', 1, 185, '2013-11-01 12:59:23'),
(487, 128, 'FLYWHEEL BEARING', '', 1, 48, '2013-11-01 12:59:23'),
(488, 128, 'FLY WHEEL OIL SEAL-REAR', '', 1, 155, '2013-11-01 12:59:23'),
(489, 128, 'OIL FILTER', '', 1, 45, '2013-11-01 12:59:23'),
(490, 128, 'OIL COOLER HOSE C/W CLIP', '', 2, 145, '2013-11-01 12:59:23'),
(491, 128, 'OIL PAN GASKET', '', 1, 85, '2013-11-01 12:59:23'),
(492, 128, 'ENGINE GASKET SEALANT', '', 2, 65, '2013-11-01 12:59:23'),
(493, 128, 'TIMING COVER OIL SEAL-FRONT', '', 1, 60, '2013-11-01 12:59:23'),
(494, 128, 'OIL COOLER O-RING SET', '', 1, 70, '2013-11-01 12:59:23'),
(495, 128, 'DRAIN PLUG - TRANSMISION', '', 4, 28, '2013-11-01 12:59:23'),
(496, 128, 'RETHREAD DRAIN PLUG HOLE', '', 4, 15, '2013-11-01 12:59:23'),
(497, 128, 'BY-PASS HOSE C/W CLIP', '', 5, 25, '2013-11-01 12:59:23'),
(498, 128, 'SPEEDOMETER SENSOR UNIT', '', 1, 386, '2013-11-01 12:59:23'),
(499, 129, 'FUEL PUMP SERVICE KIT', '', 1, 160, '2013-11-01 14:02:53'),
(500, 129, 'SHAFT OIL SEAL & BRUSH', '', 1, 155, '2013-11-01 14:02:53'),
(501, 129, 'SUPPLY ROTOR PUMP ASSY', '', 1, 295, '2013-11-01 14:02:53'),
(502, 129, 'REPAIR & SERVICE FUEL PUMP', '', 1, 180, '2013-11-01 14:02:53'),
(503, 129, 'SERVIS INJECTOR NOZZLE', '', 4, 20, '2013-11-01 14:02:53'),
(504, 129, 'RADIATOR FAN CLUTCH OIL', '', 3, 18, '2013-11-01 14:02:53'),
(505, 129, 'OIL PRESSURE SWITCH', '', 1, 156, '2013-11-01 14:02:53'),
(506, 130, 'SERVIS COOLING COIL', '', 1, 50, '2013-11-04 08:32:48'),
(507, 130, 'SERVIS BLOWER MOTOR/WHEEL', '', 1, 35, '2013-11-04 08:32:48'),
(508, 130, 'SERVIS CONDENSER SYSTEM', '', 1, 35, '2013-11-04 08:32:48'),
(509, 130, 'CONDENSER FAN MOTOR', '', 1, 220, '2013-11-04 08:32:48'),
(510, 130, 'DISCHARGE HOSE', '', 1, 75, '2013-11-04 08:32:48'),
(511, 130, 'PELTER DRIER', '', 1, 60, '2013-11-04 08:32:48'),
(512, 130, 'VACUUM CHARGE GAS R12', '', 1, 75, '2013-11-04 08:32:48'),
(513, 130, 'TOPUP COMP OIL', '', 1, 20, '2013-11-04 08:32:48'),
(514, 131, 'CONDENSER 14x18', '', 1, 365, '2013-11-04 10:10:51'),
(515, 131, 'FILTER DRIER', '', 1, 60, '2013-11-04 10:10:51'),
(516, 131, 'THERMOSTAT SWITCH', '', 1, 65, '2013-11-04 10:10:51'),
(517, 131, 'VACUUM CHARGE GAS', '', 1, 75, '2013-11-04 10:10:51'),
(518, 131, 'TOP UP COMP OIL', '', 1, 20, '2013-11-04 10:10:51'),
(519, 132, 'TOP SET GASKET', '', 1, 480, '2013-11-04 10:22:19'),
(520, 132, 'SKIMMING ( LATHE CYLINDER HEAD )', '', 1, 150, '2013-11-04 10:22:19'),
(521, 132, 'BY PASS HOSE', '', 1, 28, '2013-11-04 10:22:19'),
(522, 132, 'SERVIS RADIATOR', '', 1, 90, '2013-11-04 10:22:19'),
(523, 132, 'BRAKE WHEEL CYLINDER - FRONT RH', '', 2, 115, '2013-11-04 10:22:19'),
(524, 132, 'BRAKE WHEEL CYLINDER - REAR RH', '', 2, 115, '2013-11-04 10:22:19'),
(525, 132, 'BRAKE OIL', '', 1, 15, '2013-11-04 10:22:19'),
(526, 132, 'FAN BELT', '', 1, 48, '2013-11-04 10:22:19'),
(527, 132, 'HUB BEARING FRONT RH - INNER', '', 1, 145, '2013-11-04 10:22:19'),
(528, 132, 'HUB BEARING FRONT RH - OUTER', '', 1, 115, '2013-11-04 10:22:19'),
(529, 132, 'HUB OIL SEAL', '', 1, 45, '2013-11-04 10:22:19'),
(530, 133, 'SHOCK ABSORBER', '8-97107-983-M', 2, 160, '2013-11-06 15:10:26'),
(531, 133, 'SPEDOMETER ASSY', '8-7129-09704', 1, 1750, '2013-11-06 15:10:26'),
(532, 133, 'DOOR LOCK C/W HANDLE OUTER', '-', 1, 170, '2013-11-06 15:10:26'),
(533, 133, 'DOOR LOCK C/W HANDLE INNER', '-', 1, 160, '2013-11-06 15:10:26'),
(534, 133, 'LONG LIGHT ASSY', '-', 1, 35, '2013-11-06 15:10:26'),
(535, 133, 'SIDE MIRROR', '8-94262-625-2', 1, 50, '2013-11-06 15:10:26'),
(536, 134, 'SHOCK ABSORBER', '8-97107-983-M', 2, 160, '2013-11-06 15:11:20'),
(537, 134, 'SPEDOMETER ASSY', '8-7129-09704', 1, 1750, '2013-11-06 15:11:20'),
(538, 134, 'DOOR LOCK C/W HANDLE OUTER', '-', 1, 170, '2013-11-06 15:11:20'),
(539, 134, 'DOOR LOCK C/W HANDLE INNER', '-', 1, 160, '2013-11-06 15:11:20'),
(540, 134, 'LONG LIGHT ASSY', '-', 1, 35, '2013-11-06 15:11:20'),
(541, 134, 'SIDE MIRROR', '8-94262-625-2', 1, 50, '2013-11-06 15:11:20'),
(542, 135, 'CLUTCH PLATE', 'MB937205', 1, 885, '2013-11-06 16:13:21'),
(543, 135, 'CLUTCH COVER ', 'MD724426', 1, 620, '2013-11-06 16:13:21'),
(544, 135, 'CLUTCH BEARING', 'MD 719469', 1, 282, '2013-11-06 16:13:21'),
(545, 135, 'TIMING BELT', 'MD134377', 1, 465, '2013-11-06 16:13:21'),
(546, 135, 'PULLEY TENSIONER', 'MD104578', 1, 1372, '2013-11-06 16:13:21'),
(547, 135, 'PULLEY IDLE', 'MD 050125', 1, 450, '2013-11-06 16:13:34'),
(548, 135, 'OIL PUMP BELT', 'MD15622', 1, 246, '2013-11-06 16:13:34'),
(549, 135, 'CRANKSHAFT PULLY ASSY', 'MD160546', 1, 420, '2013-11-06 16:13:34'),
(550, 136, 'BLOWER MOTOR', 'BMH-P-16-08', 1, 360, '2013-11-06 16:31:14'),
(551, 136, 'COOLING COIL', 'CPH-P-16-23', 1, 350, '2013-11-06 16:31:14'),
(552, 136, 'EXPANSION VALVE ', 'EV-P-002', 1, 85, '2013-11-06 16:31:14'),
(553, 136, 'COMPRESSION OIL DAN VACUM', '-', 1, 65, '2013-11-06 16:31:14'),
(554, 136, 'GAS 134 A FULLY', '-', 1, 90, '2013-11-06 16:31:14'),
(558, 136, 'FUEL FILTER', '-', 1, 55, '2013-11-06 16:32:51'),
(560, 136, 'LOCAL AM HEAD', 'LCM-J-00B1', 1, 870, '2013-11-06 16:32:51'),
(561, 138, 'PIN', '2506631A1', 2, 470, '2013-11-08 10:38:00'),
(562, 138, 'BUSH', '135741TL', 2, 420, '2013-11-08 10:38:00'),
(563, 138, 'BUSH', '135740TL', 2, 584, '2013-11-08 10:38:00'),
(564, 138, 'BUSH', '121778AI TL', 2, 498, '2013-11-08 10:38:00'),
(565, 138, 'PIN LOCK', '', 2, 560, '2013-11-08 10:38:00'),
(566, 139, 'AIR FILTER', '222421', 1, 270, '2013-11-08 11:02:15'),
(567, 139, 'P/S FILTER', '254686A2', 1, 320, '2013-11-08 11:02:15'),
(568, 139, 'OIL FILTER', '87803261', 1, 188, '2013-11-08 11:02:15'),
(569, 139, 'FUEL FILTER', '87803200', 1, 296, '2013-11-08 11:02:15'),
(570, 139, 'FUEL FILTER', '87803445', 1, 290, '2013-11-08 11:02:15'),
(571, 139, 'HYDRAULIK FILTER', '13460284', 1, 396, '2013-11-08 11:02:15'),
(572, 139, 'FITER SWITCH', '87612475', 1, 914, '2013-11-08 11:02:15'),
(573, 139, 'MINYAK HIGH TRAN', '', 0, 800, '2013-11-08 11:02:15'),
(574, 140, 'CERMIN BESAR HADAPAN', '', 1, 3200, '2013-11-08 11:10:04'),
(575, 140, 'GUM CERNMIN', '', 2, 110, '2013-11-08 11:10:04'),
(576, 141, 'PENYUKAT TAR', '', 4, 400, '2013-11-08 11:12:36'),
(577, 142, 'FLY WHEEL PLATE', 'ME062161', 1, 1850, '2013-11-11 11:53:31'),
(578, 151, 'CLUTCH COVER', '', 1, 1120, '2013-11-11 16:30:49'),
(579, 151, 'CLUTCH PLATE', '', 1, 940, '2013-11-11 16:30:49'),
(580, 151, 'CLUTCH BEARING', '', 1, 182, '2013-11-11 16:30:49'),
(581, 151, 'FLYWHELL ASSY', '', 1, 3654, '2013-11-11 16:30:49'),
(582, 151, 'PILOT BEARING', '', 1, 86, '2013-11-11 16:30:49'),
(583, 151, 'FUEL PUMP REPAIR KIT', '', 1, 298, '2013-11-11 16:30:49'),
(584, 151, 'FUEL PUMP OIL SEAL & BUSH', '', 1, 186, '2013-11-11 16:30:49'),
(585, 151, 'FUEL PUMP HOUSING', '', 1, 580, '2013-11-11 16:30:49'),
(586, 152, 'FAN BELT', '', 1, 65, '2013-11-11 16:42:38'),
(587, 152, 'PULLEY BEARING', '', 1, 68, '2013-11-11 16:42:38'),
(588, 152, 'TAIL LAMP', '', 1, 220, '2013-11-11 16:42:38'),
(589, 153, 'FRONT ABSORBER', '', 1, 270, '2013-11-11 16:51:18'),
(590, 153, 'REAR ABSORBER', '', 1, 196, '2013-11-11 16:51:18'),
(591, 153, 'ABSORBER MOUNTING', '', 1, 176, '2013-11-11 16:51:18'),
(592, 153, 'LOWER LINK', '', 1, 288, '2013-11-11 16:51:18'),
(593, 153, 'UPPER LINK', '', 1, 392, '2013-11-11 16:51:18'),
(594, 153, 'STABILIZER BAR BUSH', '', 1, 20, '2013-11-11 16:51:18'),
(595, 153, 'AUTO FILTER', '', 1, 68, '2013-11-11 16:51:18'),
(596, 153, 'ATF OIL', '', 1, 190, '2013-11-11 16:51:18'),
(597, 153, 'REAR BUMPER ASSY', '', 1, 220, '2013-11-11 16:51:18'),
(598, 154, 'CLUTCH PLATE', '', 1, 985, '2013-11-11 16:55:38'),
(599, 154, 'CLUTCH COVER', '', 1, 1380, '2013-11-11 16:55:38'),
(600, 154, 'CLUTCH BEARING', '', 1, 485, '2013-11-11 16:55:38'),
(601, 155, 'HYDRAULIK HOS', '', 1, 560, '2013-11-11 17:00:49'),
(602, 155, 'SWING PUMP SEAL KIT', '', 1, 1200, '2013-11-11 17:00:49'),
(603, 156, 'HYDRAULIK HOS', '', 1, 660, '2013-11-11 17:11:57'),
(604, 158, 'HYDRAULIK FILTER', '', 1, 440, '2013-11-11 17:20:01'),
(605, 158, 'AIR FILTER(INNER)', '', 1, 190, '2013-11-11 17:20:01'),
(606, 158, 'AIR FILTER(OUTER)', '', 1, 310, '2013-11-11 17:20:01'),
(607, 158, 'OIL FILTER', '', 1, 130, '2013-11-11 17:20:01'),
(608, 158, 'FUEL FILTER(SFO 5199)', '', 1, 84, '2013-11-11 17:20:01'),
(609, 158, 'FUEL FILTER(SFF 8600)', '', 1, 70, '2013-11-11 17:20:01'),
(610, 158, 'SEPARATOR FILTER', '', 1, 90, '2013-11-11 17:20:01'),
(611, 158, 'PENUTUP MINYAK', '', 1, 240, '2013-11-11 17:20:01'),
(612, 159, 'OIL FILTER', '', 1, 120, '2013-11-11 17:23:57'),
(613, 159, 'FUEL FILTER', '', 1, 170, '2013-11-11 17:23:57'),
(614, 159, 'FUEL FILTER', '', 1, 280, '2013-11-11 17:23:57'),
(615, 159, 'HYDRAULIK FILTER', '', 1, 300, '2013-11-11 17:23:57'),
(616, 159, 'WATER SEPARATOR', '', 1, 260, '2013-11-11 17:23:57'),
(617, 159, 'AIR FILTER(INNER)', '', 1, 195, '2013-11-11 17:23:57'),
(618, 159, 'AIR FILTER(OUTER)', '', 1, 315, '2013-11-11 17:23:57'),
(619, 159, 'GEP COOLENT', '', 1, 130, '2013-11-11 17:23:57'),
(620, 160, 'CLUTCH PUMP ASSY-BOTTOM', '', 1, 155, '2013-11-11 17:28:55'),
(621, 160, 'BRAKE OIL', '', 1, 15, '2013-11-11 17:28:55'),
(622, 161, 'HALF LINK', '', 1, 1520, '2013-11-11 17:36:33'),
(623, 161, 'CONVEYOR STRAP', '', 1, 1840, '2013-11-11 17:36:33'),
(624, 161, 'HEX SCREW', '', 1, 108, '2013-11-11 17:36:33'),
(625, 162, 'HYDRAULIK PUMP SEAL', '', 1, 345, '2013-11-11 17:41:08'),
(626, 162, 'ROLLER BEARING', '', 1, 95, '2013-11-11 17:41:08'),
(627, 164, 'BATERI CAS BASAH NS 70', '', 6, 219, '2013-11-12 11:11:43'),
(628, 164, 'BATERI CAS KERING NS 70', '', 9, 219, '2013-11-12 11:11:43'),
(629, 164, 'BATERI CAS BASAH N70Z', '', 6, 259, '2013-11-12 11:11:43'),
(630, 164, 'BATERI CAS KERING N70Z', '', 9, 259, '2013-11-12 11:11:43'),
(631, 164, 'BATERI CAS KERING N100', '', 8, 313, '2013-11-12 11:11:43'),
(632, 164, 'BATERI CAS KERING N120', '', 6, 373, '2013-11-12 11:11:43'),
(633, 164, 'BATERI CAS KERING N150', '', 8, 442, '2013-11-12 11:11:43'),
(634, 165, 'PRESSURE SWITCH', '', 1, 45, '2013-11-14 11:26:13'),
(635, 165, 'WIRING FAN MOTOR', '', 1, 25, '2013-11-14 11:26:13'),
(636, 165, 'VACUUM & CHANGING GAS R12', '', 1, 60, '2013-11-14 11:26:13'),
(637, 166, 'AIRCOND HOSE', '', 2, 85, '2013-11-14 11:45:47'),
(638, 166, 'AIRCOND ALUMINIUM PIPE & FITTING', '', 1, 55, '2013-11-14 11:45:47'),
(639, 166, 'AIRCOND SWITCH', '', 1, 40, '2013-11-14 11:45:47'),
(640, 166, 'THERMOSTAT', '', 1, 55, '2013-11-14 11:45:47'),
(641, 166, 'RECEIVER DRIER', '', 1, 58, '2013-11-14 11:45:47'),
(642, 166, 'EXPANSION VALVE', '', 2, 60, '2013-11-14 11:45:47'),
(643, 166, 'SERVICE COOLING COIL', '', 2, 25, '2013-11-14 11:45:47'),
(644, 166, 'SERVICE CONDENSER', '', 1, 25, '2013-11-14 11:45:47'),
(645, 166, 'VACUUM & CHARGING GAS R12', '', 1, 60, '2013-11-14 11:45:47'),
(714, 172, 'RADAITOR HOSE TOP', 'MB 538978', 1, 62, '2013-11-15 09:25:13'),
(715, 172, 'RADIATOR HOSE BOTTOM', 'MB538827', 1, 88, '2013-11-15 09:25:13'),
(716, 172, 'RADIATOR CAP', 'MB660735', 1, 36, '2013-11-15 09:25:13'),
(717, 172, 'EXHAUST GASKET MANIFOLD', 'MD149522', 1, 58, '2013-11-15 09:25:13'),
(718, 172, 'LIQUID GASKET ENGINE', 'MD 970389', 1, 45, '2013-11-15 09:25:13'),
(719, 172, 'GASKET KIT ENG OVERHAUL', 'MD 972215', 1, 676, '2013-11-15 09:25:13'),
(720, 172, 'PISTON RING SET', 'MD 050395', 1, 552.1, '2013-11-15 09:25:13'),
(721, 172, 'BEARING SET CONROD', 'MD026430', 1, 218.9, '2013-11-15 09:25:13'),
(722, 172, 'CRANKSHAFT', 'MD102671', 1, 3453.68, '2013-11-18 15:03:15'),
(723, 172, 'VALVE EXHAUST GUIDE', 'MD 102601', 4, 31.7, '2013-11-18 15:03:15'),
(724, 172, 'VALVE INLET GUIDE', 'MD 050523', 4, 23.9, '2013-11-18 15:03:15'),
(725, 172, 'CRANKSHAFT BEARING SET', 'MD 973121', 1, 351.3, '2013-11-18 15:03:15'),
(726, 172, 'GAUGE UNIT OIL PRESSURE', 'MD 092660', 1, 155.9, '2013-11-18 15:03:15'),
(739, 185, 'STEERING ROD ASSY', '1443800730', 1, 1230, '2013-11-22 08:51:15'),
(740, 185, 'TIE ROD ASSY RH', '1431506770', 1, 280, '2013-11-22 08:51:15'),
(741, 185, 'TIE ROD ASSY LH', '1431SOL780', 1, 280, '2013-11-22 08:51:15'),
(742, 185, 'UNIVERSAL JOINT', '12345', 2, 130, '2013-11-22 08:51:15'),
(743, 185, 'PROPELER SHAFT MOUNTING', '54321', 1, 160, '2013-11-22 08:51:15'),
(744, 185, 'SHOCK ABSORBER', '3603', 2, 220, '2013-11-22 08:51:15'),
(745, 187, 'radiator', '', 1, 2100, '2013-11-26 08:43:01'),
(746, 187, 'HYDRAULIK HOS', '', 1, 880, '2013-11-26 08:43:01'),
(747, 188, 'HYDRAULIK PUMP SEAL', '', 1, 1960, '2013-11-26 08:46:38'),
(748, 189, 'hydraulik hos', '', 1, 380, '2013-11-26 08:49:25'),
(749, 190, 'hydraulik hos', '', 1, 980, '2013-11-26 08:52:43'),
(750, 191, 'control valve', '', 1, 680, '2013-11-26 08:55:47'),
(751, 191, 'ekzos box', '', 1, 780, '2013-11-26 08:55:47'),
(752, 192, 'water jacket', '', 1, 180, '2013-11-26 09:04:08'),
(753, 192, 'coolant', '', 1, 80, '2013-11-26 09:04:08'),
(754, 193, 'hydraulik stering hos', '', 1, 380, '2013-11-26 09:06:32'),
(755, 194, 'BATERI CAS BASAH NS 70', '', 6, 219, '2013-11-26 11:45:37'),
(756, 194, 'BATERI CAS KERING NS 70', '', 9, 219, '2013-11-26 11:45:37'),
(757, 194, 'BATERI CAS BASAH N70Z', '', 6, 259, '2013-11-26 11:45:37'),
(758, 194, 'BATERI CAS KERING N70Z', '', 9, 259, '2013-11-26 11:45:37'),
(759, 194, 'BATERI CAS KERING N100', '', 8, 313, '2013-11-26 11:45:37'),
(760, 194, 'BATERI CAS KERING N120', '', 6, 373, '2013-11-26 11:45:37'),
(761, 194, 'BATERI CAS KERING N150', '', 8, 442, '2013-11-26 11:45:37'),
(762, 195, 'OVERHALL GASKET', '', 1, 750, '2013-11-26 12:01:42'),
(763, 195, 'PISTON ASSY', '', 1, 1450, '2013-11-26 12:01:42'),
(764, 195, 'PISTON RING', '', 1, 480, '2013-11-26 12:01:42'),
(765, 195, 'LINNER SLEEVE', '', 4, 80, '2013-11-26 12:01:42'),
(766, 195, 'CON ROD BEARING', '', 1, 140, '2013-11-26 12:01:42'),
(767, 195, 'MAIN BEARING', '', 1, 195, '2013-11-26 12:01:42'),
(768, 195, 'THRUST WASHER', '', 1, 68, '2013-11-26 12:01:42'),
(769, 195, 'PRESS OUT & FIX LINNER', '', 4, 25, '2013-11-26 12:01:42'),
(770, 195, 'LATHE BLOCK', '', 4, 45, '2013-11-26 12:01:42'),
(771, 195, 'LATHE CRANKSHAFT', '', 1, 225, '2013-11-26 12:01:42'),
(772, 195, 'CON ROD BUSH', '', 1, 150, '2013-11-26 12:01:42'),
(773, 195, 'PRESS OUT & FIX CON ROD BUSH', '', 4, 25, '2013-11-26 12:01:42'),
(774, 195, 'REFACING VALVE FACE', '', 8, 18, '2013-11-26 12:01:42'),
(775, 195, 'REFACING VALVE SEAT', '', 8, 18, '2013-11-26 12:01:42'),
(776, 195, 'ALTERNATOR HOSE RETURN', '', 1, 28, '2013-11-26 12:01:42'),
(777, 195, 'ALTERNATOR HOSE C/W COUPLING', '', 1, 38, '2013-11-26 12:01:42'),
(778, 195, 'ENGINE OIL', '', 7, 15, '2013-11-26 12:01:42'),
(779, 195, 'OIL FILTER', '', 1, 28, '2013-11-26 12:01:42'),
(780, 195, 'OIL SUM NUT', '', 1, 25, '2013-11-26 12:01:42'),
(781, 195, 'OIL SUM GASKET', '', 1, 45, '2013-11-26 12:01:42'),
(782, 195, 'REAR SPRING BUSH', '', 12, 15, '2013-11-26 12:01:42'),
(783, 195, 'REAR ABSORBER', '', 2, 115, '2013-11-26 12:01:42'),
(784, 195, 'WATER PUMP ASSY', '', 1, 220, '2013-11-26 12:01:42'),
(785, 195, 'CLUTCH PLATE', '', 1, 185, '2013-11-26 12:01:42'),
(786, 195, 'CLUTCH COVER', '', 1, 250, '2013-11-26 12:01:42'),
(787, 195, 'CLUTCH BEARING', '', 1, 118, '2013-11-26 12:01:42'),
(788, 195, 'FLYWHEEL BEARING', '', 1, 45, '2013-11-26 12:01:42'),
(789, 195, 'BALANCER SHAFT GEAR', '', 1, 145, '2013-11-26 12:05:18'),
(790, 196, 'CONDENSER', '', 1, 380, '2013-11-26 16:13:41'),
(791, 196, 'CONDENSER FAN MOTOR', '', 1, 260, '2013-11-26 16:13:41'),
(792, 196, 'RECEIVER DRIER', '', 1, 165, '2013-11-26 16:13:41'),
(793, 196, 'ALUMINIUM PIPE', '', 1, 115, '2013-11-26 16:13:41'),
(794, 196, 'BLOWER MOTOR', '', 1, 420, '2013-11-26 16:13:41'),
(795, 196, 'EXPANSION VALVE', '', 1, 245, '2013-11-26 16:13:41'),
(796, 196, 'FILL IN GAS R134A', '', 1, 180, '2013-11-26 16:13:41'),
(797, 196, 'COMPRESSOR OIL & VACUUM R134A', '', 1, 80, '2013-11-26 16:13:41'),
(798, 197, 'MEMBEKAL METER ASSY', '', 1, 1100, '2013-11-26 16:18:11'),
(799, 197, 'MEMBEKAL SENSOR', '', 1, 220, '2013-11-26 16:18:11'),
(800, 198, 'REPAIR LOCK BELAKANG', '', 1, 2850, '2013-11-26 17:11:14'),
(801, 198, 'REPAIR BODY BELAKANG', '', 1, 850, '2013-11-26 17:11:14'),
(802, 198, 'REPAIR KEPALA LORI', '', 1, 480, '2013-11-26 17:11:14'),
(803, 198, 'KETUK DAN SIMEN', '', 1, 380, '2013-11-26 17:11:14'),
(804, 198, 'SPRAY KESELURUHAN', '', 1, 3200, '2013-11-26 17:11:14'),
(805, 198, 'STICKER', '', 1, 450, '2013-11-26 17:11:14'),
(806, 199, 'PIPE BULLET', '', 1, 420, '2013-11-26 17:17:16'),
(807, 200, 'DISCHARGE HOSE C/W COUPLING', '', 1, 220, '2013-11-26 17:22:32'),
(808, 200, 'FILTER', '', 1, 68, '2013-11-26 17:22:32'),
(809, 200, 'VALVE', '', 1, 70, '2013-11-26 17:22:32'),
(810, 200, 'BLOWER SWITCH', '', 1, 130, '2013-11-26 17:22:32'),
(811, 200, 'AIRCOND COMPRESSOR OIL', '', 1, 45, '2013-11-26 17:22:32'),
(812, 200, 'REFILL AIRCOND GAS', '', 1, 65, '2013-11-26 17:22:32'),
(813, 201, 'BRAKE PUMP', '', 4, 180, '2013-11-26 17:30:12'),
(814, 201, 'BRAKE LINING', '', 1, 280, '2013-11-26 17:30:12'),
(815, 201, 'SERVIS BRAKE BELAKANG', '', 1, 80, '2013-11-26 17:30:12'),
(816, 201, 'OIL SUMP GASKET', '', 1, 75, '2013-11-26 17:30:12'),
(817, 201, 'OIL SWITCH', '', 1, 120, '2013-11-26 17:30:12'),
(818, 201, 'ENGINE OIL', '', 6, 18, '2013-11-26 17:30:12'),
(819, 201, 'OIL FILTER', '', 1, 34, '2013-11-26 17:30:12'),
(820, 204, 'HYDRAULIK HOS', '', 1, 580, '2013-11-27 14:04:35'),
(821, 205, 'BOOM BUCKET SELINDER', '', 1, 1800, '2013-11-27 14:07:05'),
(822, 206, 'PIN', '', 1, 470, '2013-11-27 14:11:25'),
(823, 206, 'BUSH', '', 1, 420, '2013-11-27 14:11:25'),
(824, 206, 'BUSH', '', 1, 584, '2013-11-27 14:11:25'),
(825, 206, 'BUSH', '', 1, 498, '2013-11-27 14:11:25'),
(826, 206, 'PIN LOCK', '', 1, 560, '2013-11-27 14:11:25'),
(827, 211, 'LINER SET', '58781-31930', 1, 4426, '2013-12-04 10:12:10'),
(828, 211, 'GASKET SET', '58781-52610', 1, 896, '2013-12-04 10:12:10'),
(829, 211, 'MAIN BEARING', '89706-32590', 1, 380, '2013-12-04 10:12:10'),
(830, 211, 'COND ROD BEARING ', '89437-21931', 1, 285, '2013-12-04 10:12:10'),
(831, 211, 'CAMSHAFT BEARING', '89442-72012', 1, 110, '2013-12-04 10:12:10'),
(832, 211, 'WATER PUMP ASSEMBLY', '89710-50120', 1, 438, '2013-12-04 10:12:10'),
(833, 211, 'TOP HOSE', '89702-30190', 1, 59, '2013-12-04 10:12:10'),
(834, 211, 'BOTTOM HOSE', '89438-81652', 1, 70, '2013-12-04 10:12:10'),
(835, 211, 'FAN BELTING', '89416-18410', 2, 78, '2013-12-04 10:12:10'),
(836, 211, 'OIL FILTER', '89704-97080', 1, 52, '2013-12-04 10:12:10'),
(837, 211, 'FUELFILTER', '89441-47962', 1, 42, '2013-12-04 10:12:10'),
(838, 211, 'BY PASS HOSE', '89438-22471', 1, 215, '2013-12-04 10:12:10'),
(841, 218, 'WORKMANSHIP MENYELENGGARA AIRCOND SISTEM SERTA MENUKAR ALATGANTI DAN KERJA-KERJA MENYELARAS SISTEM AIRCOND', '-', 1, 250, '2013-12-06 16:37:36'),
(842, 218, 'AIRCOND COMPRESSOR(COMPLETE)', '-', 1, 1680, '2013-12-06 16:37:36'),
(843, 218, 'AIRCOND RECEIVER DRIER', '-', 1, 165, '2013-12-06 16:37:36'),
(844, 218, 'AIRCOND EXPANSION VALVE', '-', 1, 145, '2013-12-06 16:37:36'),
(845, 218, 'AIRCOND COMPRESSOR OIL', '-', 1, 35, '2013-12-06 16:37:36'),
(846, 218, 'AIRCOND O''RING RUBBEL SEAL', '-', 4, 5, '2013-12-06 16:37:36'),
(847, 218, 'AIRCOND HIGH SUCTION HOSE', '-', 1, 275, '2013-12-06 16:37:36'),
(848, 218, 'AIRCOND POWER RELAY', '-', 1, 110, '2013-12-06 16:37:36'),
(849, 218, 'TO VACUUM AND REFILL AIRCOND GAS R134 A', '-', 1, 150, '2013-12-06 16:37:36'),
(850, 219, '4" SLIDING UNION TEMPERATURE', '', 1, 1200, '2013-12-09 14:54:31'),
(851, 219, '2" PRESSURE GAUGE', '', 1, 350, '2013-12-09 14:54:31'),
(852, 220, 'brek', '010002010', 2, 250, '2014-01-20 08:30:44'),
(857, 222, 'HORN', '', 1, 135, '2014-01-21 16:36:22'),
(858, 222, 'HORN RELAY', '', 1, 80, '2014-01-21 16:36:22'),
(859, 222, 'BLACK TAPE', '', 5, 2, '2014-01-21 16:36:22'),
(860, 222, 'FUSE 15 AMP', '', 10, 3.8, '2014-01-21 16:36:22');

-- --------------------------------------------------------

--
-- Table structure for table `perolehan`
--

CREATE TABLE IF NOT EXISTS `perolehan` (
  `pe_id` int(11) NOT NULL AUTO_INCREMENT,
  `pe_desc` varchar(200) NOT NULL,
  PRIMARY KEY (`pe_id`)
) ENGINE=InnoDB  DEFAULT CHARSET=latin1 AUTO_INCREMENT=3 ;

--
-- Dumping data for table `perolehan`
--

INSERT INTO `perolehan` (`pe_id`, `pe_desc`) VALUES
(1, 'DIRECT'),
(2, 'SEBUT HARGA');

-- --------------------------------------------------------

--
-- Table structure for table `role`
--

CREATE TABLE IF NOT EXISTS `role` (
  `r_id` tinyint(1) NOT NULL AUTO_INCREMENT,
  `r_desc` varchar(200) NOT NULL,
  PRIMARY KEY (`r_id`)
) ENGINE=InnoDB  DEFAULT CHARSET=latin1 AUTO_INCREMENT=5 ;

--
-- Dumping data for table `role`
--

INSERT INTO `role` (`r_id`, `r_desc`) VALUES
(1, 'Jurutera'),
(2, 'Juruteknik'),
(3, 'Administrator'),
(4, 'Tukang');

-- --------------------------------------------------------

--
-- Table structure for table `services`
--

CREATE TABLE IF NOT EXISTS `services` (
  `ser_id` int(11) NOT NULL AUTO_INCREMENT,
  `ser_desc` varchar(2000) NOT NULL,
  `ser_totalprice` double NOT NULL,
  `lo_id` int(11) NOT NULL,
  PRIMARY KEY (`ser_id`)
) ENGINE=InnoDB  DEFAULT CHARSET=latin1 AUTO_INCREMENT=280 ;

--
-- Dumping data for table `services`
--

INSERT INTO `services` (`ser_id`, `ser_desc`, `ser_totalprice`, `lo_id`) VALUES
(3, 'sdsd', 23, 5),
(4, 'sss', 123, 6),
(5, '80', 8, 7),
(6, 'KERJA BAIKPULIH', 450, 11),
(13, 'KERJA-KERJA MEMBUKA DAN MEMASANG CONVEYOR DRIVE MOTOR,CONVEYOR DRIVE GEAR BEARING,SEAL RH/LH SERTA KERJA MENUKAR ALTERNATOR DAN AIR COOLER BELT', 2800, 15),
(14, 'PRESS OUT FIX CONVEYOR GEAR BEARING', 160, 15),
(15, 'KERJA MENUKAR HYD HOS', 230, 16),
(16, 'KERJA MENUKAR HOS', 480, 17),
(17, 'KERJA MEMBAIKI BEARING TAYAR BELAKANG', 2600, 17),
(18, 'KERJA PEMBAIKAN SISITEM MINYAK ', 1880, 18),
(19, 'KERJA SISTEM RADIATOR', 2450, 19),
(20, 'KERJA MEMBAIKI SISTEM SHAFT BEARING TAYAR BELAKANG', 2600, 20),
(21, 'KERJA MEMBAIKI HYDRAULIK CYLINDER PUMP', 1600, 21),
(22, 'KERJA PEMBAIKAN HYDRAULIK SELINDER', 500, 22),
(23, 'KERJA PEMBAIKAN UNIVERSAL COUPLING', 320, 22),
(24, 'KERJA PEMBAIKAN HYDRAULIK HOS', 180, 22),
(25, 'KERJA MEMBAIKI CONTROL VALVE', 580, 24),
(26, 'kerja pembaikan menukar alat ganti', 350, 25),
(27, 'kerja membaiki selinder pump', 400, 26),
(28, 'MEMBUAT KERJA-KERJA CLUTCH COMPLETE', 280, 27),
(29, 'KERJA-KERJA MEMBAIKI SISTEM AIRCOND', 90, 29),
(30, 'BALANCING TYRE', 40, 29),
(31, 'KERJA-KERJA MEMBAIKI SISTEM STERENG', 250, 29),
(32, 'KERJA-KERJA PEMBAIKAN SISTEM CLUTCH', 120, 30),
(33, 'KERJA-KERJA MEMBAIKI SISTEM CLUTCH', 120, 31),
(34, 'KERJA-KERJA MEMBAIKI SISTEM AIRCOND', 220, 32),
(35, 'KERJA-KERJA BRAKE DOWN', 185, 33),
(36, 'SERVIS COOLING COIL 32 PATH', 50, 36),
(37, 'SERVIS BLOWER MOTOR/WHEEL', 35, 36),
(38, 'SERVIS SISTEM CONDENSER', 35, 36),
(39, 'SERVIS COOLING COIL', 50, 37),
(40, 'SERVIS BLOWER MOTOR', 35, 37),
(41, 'SERVIS SISTEM CONDENSER ', 35, 37),
(42, 'SERVIS SISTEM PAIP', 40, 38),
(43, 'WORKMAN SHIP C/W', 150, 39),
(44, 'WIRING AIRCOND C/W WORKMANSHIP', 120, 40),
(45, 'UPAH KERJA', 80, 41),
(46, 'TOWING KENDERAAN DARI BUKIT BINTANG KE SDAC JALAN IPOH', 413.4, 44),
(47, 'KERJA-KERJA PEMBAIKAN ', 285, 45),
(48, 'UPAH', 180, 46),
(49, 'UPAH', 150, 47),
(50, 'UPAH', 350, 48),
(51, 'MEMBUAT KERJA-KERJA BUCKET BELAKANG YANG REPUT DAN PATAH 4 PCS', 1040, 49),
(53, 'KERJA-KERJA PEMBAIKAN ', 280, 60),
(54, 'KERJA-KERJA MEMBAIKI WIRING SISTEM &STARTER MOTOR', 60, 61),
(55, 'KERJA-KERJA MENUKAR ALTERNATOR', 180, 62),
(56, 'WORKMANSHIP', 65, 64),
(57, 'WORKMANSHIP', 75, 65),
(58, 'LABOUR', 50, 66),
(59, 'LABOUR', 80, 68),
(60, 'UPAH', 350, 69),
(61, 'UPAH', 350, 70),
(62, 'UPAH ', 140, 71),
(63, 'UPAH', 350, 72),
(64, 'KERJA-KERJA MEMASANG KIPAS DAN WIRING', 80, 75),
(65, 'UPAH', 250, 78),
(66, 'UPAH ', 250, 79),
(67, 'UPAH', 80, 82),
(68, 'UPAH', 50, 83),
(69, 'UPAH', 250, 88),
(70, 'UPAH', 450, 89),
(71, 'UPAH', 250, 90),
(72, 'UPAH', 280, 91),
(73, 'UPAH', 220, 92),
(74, 'UPAH', 210, 93),
(75, 'UPAH', 180, 94),
(76, 'UPAH', 280, 95),
(77, 'UPAH ', 80, 96),
(78, 'UPAH', 160, 97),
(79, 'UPAH', 180, 98),
(80, 'UPAH', 450, 99),
(81, 'WORKMANSHIP,SERVIS COMPRESSOR,OIL,GAS,WEARING,', 1065, 100),
(82, 'SERVIS FUEL PUMP,INJECTOR,SET TIMING', 930, 101),
(84, 'UPAH', 280, 103),
(85, 'PRESS OUTAND PRESS IN ARM BUSH,CHEK ALIGMENT', 126, 104),
(86, 'UPAH KERJA MEMBAIK PULIH & MENGETUK PADA BAHAGIAN YANG ROSAK DAN KEMEK', 800, 105),
(87, 'KERJA-KERJA MEMBUAT TAPAK BRACKET BATERI', 220, 105),
(88, 'KERJA-KERJA MENGECAT PADA KESELURUHAN BADAN LORI MENGIKUT SPESIFIKASI WARNA JKR DENGAN 1 LAPISAN UNDERCOAT & 2 LAPISAN CAT WARNA ICI GOLDEN YELLOW & ICI BLACK 122', 3200, 105),
(89, 'MEMBUAT KERJA-KERJA CHECK SISTEM WIRING LAMPU KESELURUHAN', 120, 105),
(92, 'CHEK WIRING,DAN SERVIS MAGNETIC LOCK', 0, 108),
(93, 'CHEK WIRING,DAN SERVIS MAGNETIC LOCK', 123, 109),
(94, 'MEMBUKA DAN MEMASANG', 250, 110),
(97, 'KERJA KERJA OVERHOUL ENGINE', 800, 113),
(98, 'TO FIX IN PISTON 4PC', 240, 113),
(99, 'TOWING CINCIN TO BENGKEL CHENG', 280, 113),
(100, 'MEMBUKA DASHBOARD MENGUJI KEBOCORAN DEPAN', 550, 118),
(101, 'UPAH', 250, 119),
(102, 'UPAH', 280, 121),
(103, 'KERJA-KERJA MEMBUKA,MENUKAR & MEMASANG SEMULA SPRING BELAKANG ( LORI SENGET )', 280, 122),
(104, 'KERJA-KERJA MEMBUKA, MENUKAR & MEMASANG SEMULA CLUTCH', 220, 122),
(105, 'MEMBUAT BUMBUNG BELAKANG BAHAGIAN DALAM SERTA MEMBEKAL & MEMASANG 4 KEPING PAPAN PLAYWOOD', 1160, 122),
(106, 'UPAH KERJA', 280, 123),
(107, 'KERJA-KERJA MEMBAIKI BAHAN BAKAR,NOZZLE & HOUSING PECAH', 650, 124),
(108, 'KERJA-KERJA MENUKAR DAN MEMASANG LANTAI KAYU UNTUK BELAKANG KENDERAAN SERTA DINDING DAN MEMASANG FRAME LANTAI KAYU', 2950, 126),
(109, 'KERJA-KERJA MENUKAR BUMBUNG BESI SERTA TIANG BUMBUNG BELAKANG KENDERAAN DAN MENGECAT SEMULA BUMBUNG SERTA DINDING BELAKANG KENDERAAN', 2100, 126),
(110, 'KERJA-KERJA MEMERIKSA & MEMBUKA ALAT GANTI CLUTCH PUMP BOCOR', 450, 127),
(111, 'KERJA-KERJA MEMBUKA & MEMASANG FUEL PUMP.NOZZLE DAN FAN CLUTCH SERTA OIL PRESSURE SWITCH', 250, 129),
(112, 'KERJA-KERJA TOP OVERHAUL ENGINE DAN KERJA-KERJA PEMBAIKAN SISTEM BREK', 680, 132),
(113, 'UPAHKERJA MEMBUKA & MEMASANG PARTS', 50, 133),
(114, 'UPAHKERJA MEMBUKA & MEMASANG PARTS', 180, 134),
(115, 'WORKMANSHIP SERVIS AIR COND SYSTEM,OPEN DESKBOARD DEPAN', 450, 136),
(116, 'MEMBUKA DAN MEMERIKSA DAN MEMASANG FUEL PAMP', 250, 136),
(117, 'TOWING KENDERAAN', 120, 136),
(118, 'SERVIS FUELPAM COMPLETE', 950, 136),
(119, 'TOWING ASAHAN KE JKR', 550, 142),
(120, 'MEMBUKA DAN MEMASANG SEMULA GEAR BOX', 680, 142),
(121, 'MEMBUAT KERJA-KERJA MENGETUK,MELARAS KESELURUHAN BADAN KENDERAAN', 760, 143),
(122, 'MEMBUAT KERJA-KERJA MENYIMEN,MENGGOSOK KESELURUHAN BADAN KENDERAAN', 200, 143),
(123, 'MEMBUAT KERJA-KERJA MENGECAT UNDERCOAT PADA BADAN KENDERAAN', 180, 143),
(124, 'MEMBUAT KERJA-KERJA MENGECAT WARNA ASAL JKR MENGGUNAKKAN CAT SOLID COLOUR 2K SYSTEM (4COLOUR) IAITU HITAM,HIJAU,KELABU DAN KUNING', 3400, 143),
(125, 'MEMBUAT KERJA-KERJA MENGECAT ANTI KARAT BAHAGIAN BAWAH KENDERAAN', 80, 143),
(126, 'MEMBEKAL DAN MENAMPAL STICKER LOGO JKR (4 SET) HURUF JKR(2SET) DAN HURUF JKR MELAKA 2 (SET)', 480, 143),
(127, 'MEMBEKAL DAN MEMASANG NO PLATE BARU HADAPAN DAN BELAKANG.', 36, 143),
(128, 'MEMBUAT BARU PAPAN,SPAN DAN MENJAHIT BARU KAIN PVC KERUSI BELAKANG 8 PCS', 860, 143),
(129, 'MEMBUAT BARU DAN MEMASANG KAIN PVC PADA BAHAGIAN HADAPAN DAN BELAKANG', 680, 143),
(154, 'MEMBUAT KERJA-KERJA MENGETUK,MELARAS KESELURUHAN BADAN KENDERAAN', 760, 147),
(155, 'MEMBUAT KERJA-KERJA MENYIMEN,MENGGOSOK KESELURUHAN BADAN KENDERAAN', 200, 147),
(156, 'MEMBUAT KERJA-KERJA MENGECAT UNDERCOAT PADA BADAN KENDERAAN', 180, 147),
(157, 'MEMBUAT KERJA-KERJA MENGECAT WARNA ASAL JKR MENGGUNAKKAN CAT SOLID COLOUR 2K SYSTEM(4COLOUR) IAITU HITAM,HIJAU,KELABU DAN KUNING', 3400, 147),
(158, 'MEMBUAT KERJA-KERJA MENGECAT CAT ANTI KARAT BAHAGIAN BAWAH KENDERAAN', 80, 147),
(159, 'MEMBEKAL DAN MENAMPAL STICKER LOGO JKR(4SET) HURUF JKR(2SET) DAN HURUF JKR MELAKA(2SET)', 480, 147),
(160, 'MEMBEKAL DAN MEMASANG NO PLATE BARU HADAPAN DAN BELAKANG', 36, 147),
(161, 'MEMBUAT BARU PAPAN,SPAN DAN MENJAHIT BARU KAIN PVC KERUSI BELAKANG 8PCS DAN MEMBUAT BARU KERUSI HADAPAN', 860, 147),
(162, 'MEMBUAT BARU DAN MEMASANG KAIN PVC PADA BAHAGIAN HADAPAN DAN BELAKANG', 680, 147),
(163, 'MEMBUAT KERJA-KERJA MENGETUK, MELARAS KESELURUHAN BADAN KENDERAAN', 880, 148),
(164, 'MEMBUAT KERJA-KERJA MEYIMEN,MENGGOSOK KESELURUHAN BADAN KENDERAAN', 200, 148),
(165, 'MEMBUAT KERJA-KERJA MENGECAT UNDERCOAT PADA BADAN KENDERAAN', 180, 148),
(166, 'MEMBUAT KERJA-KERJA MENGECAT WARNA ASAL JKR MENGGUNAKAN CAT SOLID COLOUR2K SYSTEM (4COLOUR)IAITU HITAM,HIJAU,KELABU DAN KUNING', 3400, 148),
(167, 'MEMBUAT KERJA-KERJA MENGECAT ANTI KARAT BAHAGIAN BAWAH KENDERAAN', 80, 148),
(168, 'MEMBEKAL DAN MENAMPAL STICKER LOGO JKR(4SET)HURUF JKR(2SET)DAN HURUF JKR MELAKA (2SET)', 480, 148),
(169, 'MEMBEKAL DAN MEMASANG NO PLATE BARU HADAPAN DAN BELAKANG', 36, 148),
(170, 'MEMBUAT BARU PAPAN,SPAN DAN MENJAHIT BARU KAIN PVC KERUSI BELAKANG 8PCS', 580, 148),
(171, 'MEMBUAT BARU DAN MEMASANG KAIN PVC PADA BAHAGIAN HADAPAN DAN BELAKANG', 680, 148),
(172, 'MEMBUAT BARU DAN MEMASANG KAIN KANVAS', 1100, 148),
(173, 'KERJA PEMBAIKAN SISTEM AXLE', 2400, 149),
(174, 'KERJA PEMBAIKAN SITEM HYDRAULIK(SEAL KIT BUCKET HADAPAN)', 1200, 149),
(175, 'KERJA PEMBAIKAN SISTEM HYDRAULIK CIRCLE DAN HYDRAULIK HOS', 2800, 150),
(176, 'KERJA MENUKAR CLUTCH', 260, 151),
(177, 'KERJA MEMBAIKI ,SERVIS FUEL PUMP', 680, 151),
(178, 'KERJA MENUKAR BELTING DAN TAIL LAMP', 60, 152),
(179, 'KERJA MENUKAR ABSORBER HADAPAN DAN BELAKANG,ABSORBER MOUNTING,LINK ATAS DAN BAWAH SERTA SUSPENSION', 280, 153),
(180, 'KERJA MENUKAR BUMPER', 45, 153),
(181, 'KERJA MENGECAT BUMPER DEPAN DAN BELAKANG', 480, 153),
(182, 'KERJA MENUKAR MINYAK AUTO', 45, 153),
(183, 'KERJA MEMASANG ALARM', 280, 153),
(184, 'KERJA ALLIGMENT DAN BALANCING', 67, 153),
(185, 'KERJA PEMBAIKAN CERMIN', 680, 153),
(186, 'KERJA-KERJA MENUKAR CLUTCH', 280, 154),
(187, 'KERJA MENUKAR HYDRAULIK HOS', 240, 155),
(188, 'KERJA MEMBAIKI SWING PUMP SELINDER', 320, 155),
(189, 'KERJA PEMBAIKAN SISTEM MAIN HYDRAULIK', 2600, 156),
(190, 'KERJA PEMBAIKAN SISTEM STERING SELINDER', 1460, 157),
(191, 'KERJA PEMBAIKAN  MENUKAR CLUTCH', 150, 160),
(192, 'KERJA MEMBAIKI WIRING SISTEM UNTUK SCREED EXTANSION CYLINDER PUMP', 200, 161),
(193, 'KERJA MEMBAIKI,MELURUS SERTA RETHREED SCREW UNTUK MIDDLE GUIDE PLATE', 850, 161),
(194, 'KERJA MEMBAIKI GUIDE PLATE KIRI DAN KANAN', 680, 161),
(195, 'KERJA MEMBUKA DAN MEMASANG CONVEYOR CHAIN,CONVEYOR HALF LINK,CONVEYOR STRAP SERTA MEMBUKA REAR SCREED SERTA MELARAS CONVEYOR CHAIN', 2500, 161),
(196, 'KERJA MEMBAIKI DAN MENUKAR REPAIR KIT HYDRAULIK PUMP STEERING', 350, 162),
(197, 'KERJA PEMBAIKAN SELINDER BUCKET BELAKANG', 1600, 163),
(198, 'LABOUR', 80, 165),
(199, 'LABOUR', 80, 166),
(245, 'REFACING PAJERO 4D CYLINDER HEAD', 90, 172),
(246, 'REBORING VALVE', 80, 172),
(247, 'REFACING VALVE SEAT', 120, 172),
(248, 'GRANDVALVE SEAT', 80, 172),
(249, 'REFACING ENGINE BLOCK', 120, 172),
(250, 'PASANG', 300, 180),
(251, 'SERVIS DAN REPAIR FUEL PUMP SERTA MENUKAR FUEL PUMP SERVICE KIT', 380, 186),
(252, 'SERVICE ALTERNATOR SERTA MENUKAR CARBON BRUSH COMPLETE WITH HOLDER', 120, 186),
(253, 'KERJA-KERJA MEMBUKA DAN MEMASANG FUEL PUMP ENJINE DAN ALTERNATOR', 200, 186),
(254, 'UPAH KERJA-KERJA OVERHAUL ENGINE', 1500, 195),
(255, 'MEMBUAT KERJA-KERJA MEMBAIKI & SERVIS AIRCOND SYSTEM,MENUKAR CONDENSOR SERTA CHECK WIRING DAN KEBOCORAN AIRCOND', 380, 196),
(256, 'MEMBUAT KERJA-KERJA MEMERIKSA,MENUKAR SENSOR SPEED DAN METER ROSAK', 80, 197),
(257, 'UPAH', 80, 199),
(258, 'KERJA-KERJA MEMBAIKI SISTEM AIRCOND SERTA SERVIS', 280, 200),
(259, 'UPAH', 150, 201),
(260, 'TO SERVICE AND REPAIR FUEL PUMP AND FUEL INJECKTOR PUMP', 680, 202),
(261, 'TO REMOVE LINERS FROM ENGINE BLOCK AND INSTALL NEGO LINERS FROM ENGINE BLOCK, TO REMOVE AND INSTALL CONNECTING ROD BUSH FROM PISTON PIN,TO REMOVE AND INSTALL CAMSHAFT BUSH FROM ENGINE BLOCK', 480, 202),
(262, 'KERJA-KRJA PEMBAIKAN HYDRAULIK', 580, 203),
(263, 'PEMBAIKAN SISTEM ENJIN', 2100, 203),
(264, 'KERJA MEMBAIKI SISTEM ENJIN,OIL SEAL GASKET', 2450, 204),
(265, 'KERJA MEMBUKA DAN MEMASANG BUSH', 2200, 206),
(266, 'GREESING', 200, 206),
(267, 'KERJA PEMBAIKAN MESIN CAT JALAN(BOLIER),KERJA PEMBAIKAN BODY LORI', 4200, 207),
(268, 'KERJA UBAH SUAI MESIN CAT JALAN(BOILER),KERJA PEMBAIKAN BODY LORI,PEMBAIKAN TAPAK LORI', 4780, 208),
(269, 'KERJA PEMBAIKAN BODY LORI,KERJA UBAH SUAI TAPAK BOILER(MESIN CAT JALAN)', 4780, 209),
(270, 'TO SERVICE AND REPAIR FUEL PUMP AND FUEL INJECKTOR PUMP', 680, 210),
(271, 'TO REMOVE LINERS FROM ENGINE BLOCK AND INSTALL NEGO LINERS FROM ENGINE BLOCK,TO REMOVE AND INSTALL CONNECTING ROD BUSH FROM PISTON PIN,TO REMOVE AND INSTALL CAMSHAFT BUSH FROM ENGINE BLOCK', 480, 210),
(272, 'MENYELENGGARA AIRCOND SISTEM SERTA MENUKAR ALATGANTI DAN KERJA-KERJA MENYELARAS AIRCOND SISTEM', 250, 212),
(273, 'MENYELENGGARA AIRCOND SISTEM SERTA MENUKAR ALATGANTI DAN KERJA-KERJA MENYELARAS AIRCOND SISTEM', 250, 213),
(274, 'MENYELENGGARA AIRCOND SISTEM SERTA MENUKAR ALATGANTI DAN KERJA-KERJA MENYELARAS AIRCOND SISTEM', 250, 214),
(275, 'MENYELENGGARA AIRCOND SISTEM SERTA MENUKAR ALATGANTI DAN KERJA-KERJA MENYELARAS AIRCOND SISTEM', 250, 215),
(276, 'MENYELENGGARA AIRCOND SISTEM SERTA MENUKAR ALATGANTI DAN KERJA-KERJA MENYELARAS AIRCOND SISTEM', 250, 216),
(277, 'LABOUR CHARGE', 250, 219),
(278, 'TRANSPORTION CHARGES', 700, 219),
(279, 'upah pasang', 300, 220);

-- --------------------------------------------------------

--
-- Table structure for table `state`
--

CREATE TABLE IF NOT EXISTS `state` (
  `s_id` int(10) NOT NULL AUTO_INCREMENT,
  `s_name` varchar(200) NOT NULL,
  PRIMARY KEY (`s_id`)
) ENGINE=InnoDB  DEFAULT CHARSET=latin1 AUTO_INCREMENT=12 ;

--
-- Dumping data for table `state`
--

INSERT INTO `state` (`s_id`, `s_name`) VALUES
(1, 'ALOR GAJAH'),
(2, 'JASIN'),
(3, 'MELAKA TENGAH'),
(4, 'ELEKTRIK'),
(5, 'BANGUNAN'),
(6, 'ARKITEK'),
(7, 'JALAN'),
(8, 'UKUR BAHAN'),
(9, 'IBU PEJABAT'),
(10, 'KORPORAT'),
(11, 'TENTERA');

-- --------------------------------------------------------

--
-- Table structure for table `user`
--

CREATE TABLE IF NOT EXISTS `user` (
  `u_id` int(11) NOT NULL AUTO_INCREMENT,
  `u_fullname` varchar(200) NOT NULL,
  `u_staffno` varchar(200) NOT NULL,
  `u_ic` varchar(200) NOT NULL,
  `u_phone` varchar(200) NOT NULL,
  `u_email` varchar(200) NOT NULL,
  `u_password` varchar(200) NOT NULL,
  `r_id` tinyint(1) NOT NULL,
  `u_parentid` int(11) DEFAULT '0',
  PRIMARY KEY (`u_id`)
) ENGINE=InnoDB  DEFAULT CHARSET=latin1 AUTO_INCREMENT=11 ;

--
-- Dumping data for table `user`
--

INSERT INTO `user` (`u_id`, `u_fullname`, `u_staffno`, `u_ic`, `u_phone`, `u_email`, `u_password`, `r_id`, `u_parentid`) VALUES
(1, 'Bilal Bayasut', 'S002', '113', '013412321', 'zamboza@gmail.com', '113.113', 2, 0),
(2, 'Umar Mukhtar', 'S001', '112', '0199737579', 'kidzeclipes@yahoo.com', '112.112', 1, 0),
(3, 'Administrator', 'Admin001', '114.114', '', 'kidzeclipes@yahoo.com', '114.114', 3, 0),
(4, 'MOHD NAZIM BIN MOHAMAD', '', '760313045149', '0122553566', 'nazimmhd76@yahoo.com', '5149', 1, 0),
(5, 'SAPIAN BIN ABU BAKAR', '', '5521', '', '', '5521', 2, 0),
(6, 'HAMIDON BIN AMIT', '', '5159', '', '', '5159', 2, 0),
(7, 'MOHD FANDI BIN IBRAHIM', '', '5277', '', '', '5277', 2, 0),
(8, 'NASIR BIN ABD JAMAL', '', '5763', '', '5763', '5763', 2, 0),
(9, 'TUN SASHA NAQIUDIN', '', '6573', '', '', '6573', 1, 0),
(10, 'tukang 1', 't001', '5213', '0199737579', 'umar@tuffah.info', '5213', 4, 1);

-- --------------------------------------------------------

--
-- Table structure for table `vehicles`
--

CREATE TABLE IF NOT EXISTS `vehicles` (
  `v_id` int(10) NOT NULL AUTO_INCREMENT,
  `v_image` varchar(2000) NOT NULL,
  `v_noloji` varchar(200) NOT NULL,
  `v_registrationno` varchar(200) NOT NULL,
  `v_jkrno` varchar(200) NOT NULL,
  `v_ownername` varchar(200) NOT NULL,
  `v_group` varchar(200) NOT NULL,
  `v_maker` varchar(200) NOT NULL,
  `v_model` varchar(200) NOT NULL,
  `v_price` double NOT NULL,
  `v_yearmade` varchar(200) NOT NULL,
  `v_location` varchar(200) NOT NULL,
  `v_fileno` varchar(200) NOT NULL,
  `v_category` varchar(200) NOT NULL,
  `vs_id` int(11) NOT NULL,
  PRIMARY KEY (`v_id`)
) ENGINE=InnoDB  DEFAULT CHARSET=latin1 AUTO_INCREMENT=212 ;

--
-- Dumping data for table `vehicles`
--

INSERT INTO `vehicles` (`v_id`, `v_image`, `v_noloji`, `v_registrationno`, `v_jkrno`, `v_ownername`, `v_group`, `v_maker`, `v_model`, `v_price`, `v_yearmade`, `v_location`, `v_fileno`, `v_category`, `vs_id`) VALUES
(1, '', '', 'CTD 14221', 'CTD14221', 'Negeri', 'Dozer', 'KOMATSU', 'D65A-6', 133800, '1980', 'JALAN', '', 'Loji', 1),
(2, '', '', 'MS 7457', 'PTR16799', 'Negeri', 'Roller', 'SAKAI ', 'TS150', 82406, '1986', 'JALAN ', '', 'Loji', 1),
(3, '', '12209', 'MAE 8361', 'TVR19024', 'Negeri', 'Roller', 'DYNAPAC', 'CC211', 138800, '1995', 'JALAN ', '', 'Loji', 1),
(4, '', '11996', 'MT 8012', 'VR17036', 'Negeri', 'Roller', 'INGERSOLL ', 'SD100', 106899, '1988', 'JALAN ', '', 'Loji', 1),
(5, '', '11994', 'MAV 9574', '-', 'Negeri', 'Roller', 'DYNAPAC ', 'CA152', 180000, '2002', 'M/TENGAH', '', 'Loji', 1),
(6, '', '13247', 'LP 6500', '-', 'Negeri', 'Roller', 'DYNAPAC ', 'LP 6500', 47000, '2003', 'M/TENGAH', '', 'Loji', 1),
(7, '', '13336', 'MT 3153', 'VR16946', 'Negeri', 'Roller', 'DYNAPAC ', 'CA15', 87539, '1987', 'ALOR GAJAH', '', 'Loji', 1),
(8, '', '13362', '-', '-', 'Negeri', 'Roller', 'DYNAPAC ', 'LP 6500', 47000, '2003', 'ALOR GAJAH', '', 'Loji', 1),
(9, '', '13972', 'MS 7610', 'VR16820', 'Negeri', 'Roller', 'BOMAG ', 'BW172', 92818, '1986', 'JASIN ', '', 'Loji', 1),
(10, '', '13973', 'MBC 4331', '-', 'Negeri', 'Roller', 'DYNAPAC ', 'CA152', 180000, '2004', 'JASIN ', '', 'Loji', 1),
(11, '', '13997', '-', '-', 'Negeri', 'Roller', 'DYNAPAC', 'LP 6500', 47000, '2003', 'JASIN ', '', 'Loji', 1),
(12, '', '14036', 'MAW 1191', '-', 'Negeri', 'Backhoe', 'CASE', '580SUPER ', 173000, '2002', 'M/TENGAH', '', 'Loji', 1),
(13, '', '13909', 'MBS 4921', '-', 'Negeri', 'Backhoe', 'CASE', '580SUPER ', 175000, '2008', 'M/TENGAH', '', 'Loji', 1),
(14, '', '13935', 'MAC 7183', 'BHL18951', 'Negeri', 'Backhoe', 'JOHN DEERE', '310D', 97734, '1994', 'ALOR GAJAH', '', 'Loji', 1),
(15, '', '14662', 'MU 8345', 'BHL17203', 'Negeri', 'Backhoe', 'CATERPILLER', '3D', 81500, '1989', 'ALOR GAJAH', '', 'Loji', 1),
(16, '', '15056', 'MBS 4740', '-', 'Negeri', 'Backhoe', 'CASE', '580SUPER ', 175000, '2008', 'ALOR GAJAH', '', 'Loji', 1),
(17, '', '15061', 'MU 8344', 'BHL17202', 'Negeri', 'Backhoe', 'JCB', '3D', 81500, '1989', 'JASIN', '', 'Loji', 1),
(18, '', '15062', 'MBS 4741', '-', 'Negeri', 'Backhoe', 'CASE', '580SUPER ', 175000, '2008', 'JASIN', '', 'Loji', 1),
(19, '', '15066', 'MAE 8360', 'RF19023', 'Negeri', 'Paver', 'DYNAPAC ', 'F12W', 428000, '1995', 'JALAN', '', 'Loji', 1),
(20, '', '15068', 'MAY 3341', '-', 'Negeri', 'Shovel', 'KOMATSU', 'WA180-3A', 289500, '2003', 'JALAN', '', 'Loji', 1),
(21, '', '15069', 'MM 399', 'RTS14801', 'Negeri', 'Shovel', 'KOMATSU', 'W70', 79880, '1981', 'JASIN', '', 'Loji', 1),
(22, '', '15070', '-', '-', 'Negeri', 'Forklift', 'TOYOTA', '-', 0, '1990', 'MEKANIKAL', 'Loji', '1', 0),
(23, '', '15072', '-', '-', 'Negeri', 'Forklift', 'TOYOTA', '62 - 8FD15', 56000, '2007', 'STOR NEGERI', '', 'Loji', 1),
(24, '', '15077', 'MBV 7985', '-', 'Negeri', 'Skylif', 'Hicom', 'MTB-170', 282000, '2010', 'MEKANIKAL', '', 'Berat', 1),
(25, '', '1448', 'MAU 1267', '-', 'Negeri', 'Tipper', 'ISUZU', 'FTR33P', 141000, '2002', 'JALAN', '', 'Berat', 1),
(26, '', '16123', 'MAY 3109', '-', 'Negeri', 'Tipper', 'MITSUBISHI', 'FT658JRDG1', 148000, '2003', 'JALAN', '', 'Berat', 1),
(27, '', '', 'MBC 7923', '-', 'Negeri', 'Tipper', 'ISUZU TIPPER', 'FTR33K', 149800, '2004', 'JALAN', '', 'Berat', 1),
(28, '', '17633', 'MAU 1265', '-', 'Negeri', 'Tipper', 'LORI ISUZU', 'FTR33P', 141000, '2002', 'M/TENGAH', '', 'Berat', 1),
(29, '', '196695', 'MAY 3107', '-', 'Negeri', 'Tipper', 'MITSUBISHI ', 'FT658JRDG1', 148000, '2003', 'M/TENGAH', '', 'Berat', 1),
(30, '', '16274', 'MBC 7932', '-', 'Negeri', 'Tipper', 'ISUZU ', 'FTR33K', 149800, '2004', 'M/TENGAH', '', 'Berat', 1),
(31, '', '16178', 'MBK 392', 'LD19818', 'Negeri', 'Tipper', 'ISUZU', 'MTB145', 66500, '2006', 'M/TENGAH', '', 'Berat', 1),
(32, '', '16179', 'MAU 1264', '-', 'Negeri', 'Tipper', 'ISUZU ', 'FTR33P', 141000, '2002', 'JASIN', '', 'Berat', 1),
(33, '', '16192', 'MAY 3114', '-', 'Negeri', 'Tipper', 'MITSUBISHI', 'FM658JRDG1', 148000, '2003', 'JASIN', '', 'Berat', 1),
(34, '', '', 'MBC 7926', '-', 'Negeri', 'Tipper', 'ISUZU', 'FTR33K', 149800, '2004', 'JASIN', '', 'Berat', 1),
(35, '', '', 'MBK 386', 'LD19819', 'Negeri', 'Tipper', 'ISUZU ', 'MTB145', 66500, '2006', 'JASIN', '', 'Berat', 1),
(36, '', '', 'MBV 618', '', 'Negeri', 'Tipper', 'ISUZU', '', 100000, '2009', 'JASIN', '', 'Berat', 1),
(37, '', '', 'MBK 394', 'LD19817', 'Negeri', 'Tipper', 'ISUZU ', 'MTB145', 66500, '2006', 'ALOR GAJAH', '', 'Berat', 1),
(38, '', '', 'MAU 1268', '-', 'Negeri', 'Tipper', 'ISUZU', 'FTR33P', 141000, '2002', 'ALOR GAJAH', '', 'Berat', 1),
(39, '', '16620', 'MAY 3058', '-', 'Negeri', 'Tipper', 'MITSUBISHI', 'FM658JRDG1', 148000, '2003', 'ALOR GAJAH', '', 'Berat', 1),
(40, '', '', 'MBC 7930', '-', 'Negeri', 'Tipper', 'ISUZU', 'FTR33K', 149800, '2004', 'ALOR GAJAH', '', 'Berat', 1),
(41, '', '', 'MCC 9684', '-', 'Negeri', 'Tipper', 'ISUZU', 'NPR66ULH', 105500, '2011', 'ALOR GAJAH', '', 'Berat', 1),
(42, '', '', 'MCC 9685', '-', 'Negeri', 'Tipper', 'ISUZU', 'NPR66ULH', 105500, '2011', 'M/TENGAH', '', 'Berat', 1),
(43, '', '', 'MAA 5584', 'RTA18389', 'Negeri', 'Tractor', 'FIAT', '55.65', 35500, '1993', 'M/TENGAH', '', 'Berat', 1),
(44, '', '', 'MS 3789', 'RTA16506', 'Negeri', 'Tractor', 'FIAT ', '666', 29870, '1986', 'JALAN', '', 'Berat', 1),
(45, '', '-', 'MAW 612', '-', 'Negeri', 'lori tangki', 'HICOM ', 'MTB150 DX', 98800, '2002', 'JALAN', '', 'Berat', 1),
(46, '', '17908', 'MAY 1786', '-', 'Negeri', 'Lori tangki', 'HICOM ', 'MTB150 DX', 92000, '2003', 'JALAN', '', 'Berat', 1),
(47, '', '17909', 'MCD 1334', '-', 'Negeri', 'Lori tangki', 'HINO', 'WU410R ', 110000, '2011', 'M/TENGAH', '', 'Berat', 1),
(48, '', '17520', 'ML 3243', 'LD14517', 'Negeri', 'Flat bottom', 'MITSUBISHI ', 'FK102H', 33221.6, '1981', 'M/TENGAH', '', 'Berat', 1),
(49, '', '17527', 'MS 6382', 'LD16638', 'Negeri', 'Flat bottom', 'ISUZU', 'FSR113', 31256.18, '1986', 'ALOR GAJAH', '', 'Berat', 1),
(50, '', '17528', 'MAC 5574', 'LD18690', 'Negeri', 'Flat bottom', 'ISUZU', 'FSR11H', 92800, '1994', 'M/TENGAH', '', 'Berat', 1),
(51, '', '17529', 'MAT 675', '-', 'Negeri', 'Load Carrier', 'HICOM ', 'MTB140', 56846.92, '2001', 'MEKANIKAL', '', 'Ringan', 1),
(52, '', '17586', 'MBF 9506', 'LD19815', 'Negeri', 'Load Carrier', 'HICOM ', 'MTB140', 79839.96, '2005', 'MEKANIKAL', '', 'Ringan', 1),
(53, '', '17603', 'MAJ 6743', 'LD19239', 'Negeri', 'Load Carrier', 'ISUZU', 'NKR58L', 50591.37, '1997', 'JALAN', '', 'Ringan', 1),
(54, '', '17481', 'MAT 682', '-', 'Negeri', 'Load Carrier', 'HICOM ', 'MTB140', 56846.92, '2001', 'JALAN', '', 'Ringan', 1),
(55, '', '17711', 'MAY 391', '-', 'Negeri', 'Load Carrier', 'HICOM ', 'MTB150DX', 92850, '2003', 'JALAN', '', 'Ringan', 1),
(56, '', '17717', 'MT 5082', 'UVD16973', 'Negeri', 'Load Carrier', 'ISUZU', 'NKR575', 26882.91, '1988', 'M/TENGAH', '', 'Ringan', 1),
(57, '', '17869', 'MAB 9652', 'LD18671', 'Negeri', 'Load Carrier', 'ISUZU', 'NKR58LP', 31685, '1993', 'M/TENGAH', '', 'Ringan', 1),
(58, '', '18704', 'MAB 9654', 'LD18672', 'Negeri', 'Load Carrier', 'ISUZU', 'NPR59P', 38936.51, '1993', 'M/TENGAH', '', 'Ringan', 1),
(59, '', '17542', 'MBV 632', '', 'Negeri', 'Load Carrier', 'ISUZU', 'MTB 140', 95000, '2009', 'M/TENGAH', '', 'Ringan', 1),
(60, '', '17543', 'MAT 681', '-', 'Negeri', 'Load Carrier', 'HICOM ', 'MTB140', 56846.92, '2001', 'M/TENGAH', '', 'Ringan', 1),
(61, '', '', 'MBC 1466', '-', 'Negeri', 'Load Carrier', 'HICOM ', 'MTB170', 99800, '2004', 'M/TENGAH', '', 'Ringan', 1),
(62, '', '', 'MAY 392', '-', 'Negeri', 'Load Carrier', 'HICOM ', 'MTB150 DX', 92850, '2003', 'M/TENGAH', '', 'Ringan', 1),
(63, '', '18203', 'MBG 310', 'LD19816', 'Negeri', 'Load Carrier', 'HICOM ', 'MTB150 DX', 109284.7, '2005', 'M/TENGAH', '', 'Ringan', 1),
(64, '', '', 'MAF 1720', 'LD19019', 'Negeri', 'Load Carrier', 'ISUZU', 'NKR58L', 52191.37, '1995', 'ALOR GAJAH', '', 'Ringan', 1),
(65, '', '18252', 'MBV 599', '', 'Negeri', 'Load Carrier', 'ISUZU', 'MTB 140', 95000, '2009', 'ALOR GAJAH', '', 'Ringan', 1),
(66, '', '18083', 'MAJ 6741', 'LD19238', 'Negeri', 'Load Carrier', 'HICOM ', 'NKR58L', 50591.37, '1997', 'ALOR GAJAH', '', 'Ringan', 1),
(67, '', '21057', 'MAT 674', '-', 'Negeri', 'Load Carrier', 'HICOM ', 'MTB140', 56846.92, '2001', 'ALOR GAJAH', '', 'Ringan', 1),
(68, '', '18363', 'MAX 8927', '-', 'Negeri', 'Load Carrier', 'HICOM ', 'MTB150 DX', 92850, '2003', 'ALOR GAJAH', '', 'Ringan', 1),
(69, '', '', 'MBK 387', 'LD19813', 'Negeri', 'Load Carrier', 'HICOM ', 'MTB 150', 99400, '2006', 'ALOR GAJAH', '', 'Ringan', 1),
(70, '', '', 'MAJ 6744', 'LD19240', 'Negeri', 'Load Carrier', 'ISUZU', 'NKR58L', 50591.37, '1997', 'JASIN', '', 'Ringan', 1),
(71, '', '', 'MBV 627', '', 'Negeri', 'Load Carrier', 'ISUZU', 'MTB 140', 95000, '2009', 'JASIN', '', 'Ringan', 1),
(72, '', '', 'MAT 677', '-', 'Negeri', 'Load Carrier', 'HICOM ', 'MTB140', 56846.92, '2001', 'JASIN', '', 'Ringan', 1),
(73, '', '', 'MAT 683', '-', 'Negeri', 'Load Carrier', 'HICOM ', 'MTB140', 56846.92, '2001', 'JASIN', '', 'Ringan', 1),
(74, '', '', 'MAY 396', '-', 'Negeri', 'Load Carrier', 'HICOM ', 'MTB150 DX', 92850, '2003', 'JASIN', '', 'Ringan', 1),
(75, '', '', 'MBC 1478', '-', 'Negeri', 'Load Carrier', 'HICOM ', 'MTB170UV', 99800, '2004', 'JASIN', '', 'Ringan', 1),
(76, '', '18914', 'MBK 390', 'LD19814', 'Negeri', 'Load Carrier', 'HICOM ', 'MTB150', 99400, '2006', 'JASIN', '', 'Ringan', 1),
(77, '', '19029', 'MR 8364', 'UVD16281', 'Negeri', '4WD', 'LAND ROVER', '110 DIESEL', 29568, '1985', 'MEKANIKAL ', '', 'Ringan', 1),
(78, '', '19082', 'MR 8353', 'UVD16280', 'Negeri', '4WD', 'ISUZU ', 'Trooper', 22130, '1985', 'MEKANIKAL ', '', 'Ringan', 1),
(79, '', '19083', 'MAV 7886', '-', 'Negeri', '4WD', 'ISUZU ', 'Rodeo', 72298.88, '2002', 'MEKANIKAL ', '', 'Ringan', 1),
(80, '', '19084', 'MAT 6740', '-', 'Negeri', '4WD', 'MITSUBISHI ', 'Pajero', 86976, '2001', 'JALAN ', '', 'Ringan', 1),
(81, '', '19290', 'DT 8838', 'UVD18685', 'Negeri', '4WD', 'MITSUBISHI ', 'Pajero', 83985.52, '1993', 'JALAN ', '', 'Ringan', 1),
(82, '', '-', 'MBS 656', '-', 'Negeri', '4WD', 'ISUZU ', 'D''max', 110000, '2008', 'JALAN', '', 'Ringan', 1),
(83, '', '19340', 'MBS 676', '-', 'Negeri', '4WD', 'ISUZU ', 'D''max', 110000, '2008', 'JALAN', '', 'Ringan', 1),
(84, '', '', 'MAV 572', '-', 'Negeri', '4WD', 'MITSUBISHI ', 'Pajero', 86976, '2002', 'JALAN ', '', 'Ringan', 1),
(85, '', '19402', 'MAB 1400', 'UVD18497', 'Negeri', '4WD', 'MITSUBISHI ', 'Pajero', 38658.23, '1993', 'M/TENGAH ', '', 'Ringan', 1),
(86, '', '19396', 'MAV 574', '-', 'Negeri', '4WD', 'MITSUBISHI ', 'Pajero', 86976, '2002', 'M/TENGAH ', '', 'Ringan', 1),
(87, '', '', 'MBF 8229', '-', 'Negeri', '4WD', 'ISUZU ', 'D''max', 66550, '2005', 'M/TENGAH ', '', 'Ringan', 1),
(88, '', '', 'MBS 606', '-', 'Negeri', '4WD', 'FORD ', 'Everest', 110000, '2008', 'M/TENGAH ', '', 'Ringan', 1),
(89, '', '19718', 'MAB 1402', 'UVD18498', 'Negeri', '4WD', 'MITSUBISHI ', 'Pajero', 38658.23, '1993', 'JASIN', '', 'Ringan', 1),
(90, '', '19622', 'MAT 6739', '-', 'Negeri', '4WD', 'MITSUBISHI ', 'Pajero', 86976, '2001', 'JASIN', '', 'Ringan', 1),
(91, '', '19621', 'MBF 8221', '-', 'Negeri', '4WD', 'ISUZU ', 'D''max', 66550, '2005', 'JASIN', '', 'Ringan', 1),
(92, '', '19628', 'MBS 696', '-', 'Negeri', '4WD', 'ISUZU ', 'D''max', 110000, '2008', 'JASIN', '', 'Ringan', 1),
(93, '', '19623', 'MAT 6741', '-', 'Negeri', '4WD', 'MITSUBISHI ', 'Pajero', 86976, '2001', 'ALOR GAJAH', '', 'Ringan', 1),
(94, '', '19691', 'MBF 8216', 'UVD19810', 'Negeri', '4WD', 'ISUZU ', 'D''max', 66550, '2005', 'ALOR GAJAH', '', 'Ringan', 1),
(95, '', '19781', 'MS 5721', 'UVD16567', 'Negeri', '4WD', 'ISUZU ', 'Trooper', 25695.94, '1986', 'ALOR GAJAH', '', 'Ringan', 1),
(96, '', '19782', 'MS 5722', 'UVD16568', 'Negeri', '4WD', 'ISUZU ', 'Trooper', 25695.94, '1986', 'ALOR GAJAH', '', 'Ringan', 1),
(97, '', '', 'MBS 626', '-', 'Negeri', '4WD', 'FORD ', 'Everest', 110000, '2008', 'ALOR GAJAH', '', 'Ringan', 1),
(98, '', '19808', 'MBJ 6181', 'UVD19809', 'Negeri', 'Van ', 'KIA', 'Pregio', 63640, '2006', 'JALAN ', '', 'Ringan', 1),
(99, '', '', 'MAT 469', '-', 'Negeri', 'Saloon', 'PROTON ', 'Wira', 40139.26, '2001', 'MEKANIKAL ', '', 'Ringan', 1),
(100, '', '19842', 'MAV 5570', '-', 'Negeri', 'Saloon', 'PROTON ', 'Wira', 41091.76, '2002', 'JALAN ', '', 'Ringan', 1),
(101, '', '19866', 'MAJ 600', '-', 'Negeri', '4WD', 'HONDA CRV', '2.0L I-VTEC ', 106000, '2010', 'IBU PEJABAT', '', 'Ringan', 1),
(102, '', '19857', 'MBY 6600', 'SC19241', 'Negeri', 'Saloon', 'VOLVO', '940GL (A)', 91503.71, '1997', 'IBU PEJABAT', '', 'Ringan', 1),
(103, '', '19851', 'MAP 600', '-', 'Negeri', 'Saloon', 'PROTON ', 'PERDANA V6', 69552.59, '1999', 'IBU PEJABAT', '', 'Ringan', 1),
(104, '', '', 'MAT 470', '-', 'Negeri', 'Saloon', 'PROTON ', 'Wira', 40139.26, '2001', 'IBU PEJABAT', '', 'Ringan', 1),
(105, '', '20398', 'MBH 6205', 'UVD19808', 'Negeri', 'Van ', 'KIA', 'Pregio', 62083.2, '2005', 'IBU PEJABAT', '', 'Ringan', 1),
(106, '', '', 'MBF 8765', 'SC19820', 'Negeri', 'Saloon', 'PROTON ', 'Wira', 38186.87, '2005', 'IBU PEJABAT', '', 'Ringan', 1),
(107, '', '20350', 'MBF 8769', 'SC19821', 'Negeri', 'Saloon', 'PROTON ', 'Wira', 38186.87, '2005', 'IBU PEJABAT', '', 'Ringan', 1),
(108, '', '-', 'MCC 5853', '-', 'Negeri', '4WD', 'NISSAN', 'X-Trail', 94000, '2011', 'CAW BANGUNAN', '', 'Ringan', 1),
(109, '', '', 'MAX 240', '-', 'Negeri', '4WD', 'MITSUBISHI ', 'Pajero', 86976, '2003', 'CAW ARKITEK', '', 'Ringan', 1),
(110, '', '', 'MAF 6099', 'UVD19025', 'Negeri', '4WD', 'MITSUBISHI ', 'Pajero', 43876.31, '1996', 'CAW ARKITEK', '', 'Ringan', 1),
(111, '', '', 'MAA 4827', 'LD18367', 'Negeri', 'Flat bottom', 'ISUZU', 'FSR11H', 0, '1992', 'STOR NEGERI', '', 'Ringan', 1),
(112, '', '', 'MAX 8751', '-', 'Negeri', 'Load Carrier', 'HICOM', 'MTB150DX', 92000, '2003', 'STOR NEGERI', '', 'Ringan', 1),
(113, '', '20352', 'MS 5720', 'UVD16566', 'Negeri', '4WD', 'ISUZU', 'Trooper', 25695.94, '1986', 'CAW MAKMAL', '', 'Ringan', 1),
(114, '', '', 'MAV 7892', '-', 'Negeri', '4WD', 'ISUZU ', 'Rodeo', 79498.88, '2002', 'CAW MAKMAL', '', 'Ringan', 1),
(115, '', '20246', 'MAV 573', '-', 'Negeri', '4WD', 'MITSUBISHI ', 'Pajero', 86976, '2002', 'CAW UKUR BAHAN', '', 'Ringan', 1),
(116, '', '20219', 'MX 5645', '-', 'Negeri', '4WD', 'MITSUBISHI ', 'Pajero', 0, '1991', 'CAW ELEKTRIK', '', 'Ringan', 1),
(117, '', '20228', 'MY 3324', '-', 'Negeri', '4WD', 'LAND ROVER', '110 DIESEL', 0, '1992', 'CAW ELEKTRIK', '', 'Ringan', 1),
(118, '', '20325', 'MAK 7220', 'UVD19255', 'Negeri', 'Load Carrier', 'ISUZU', 'TFR54', 0, '1997', 'CAW ELEKTRIK', '', 'Ringan', 1),
(119, '', '20289', 'MBL 2994', '-', 'Negeri', 'Load Carrier', 'HICOM', 'MTB 140', 84250, '2007', 'CAW ELEKTRIK', '', 'Ringan', 1),
(120, '', '20233', 'WDT 4317', 'DR18949', 'Persekutuan', 'Roller', 'BARFORD ', 'DC12', 98000, '1995', 'JALAN ', '', 'Loji', 1),
(121, '', '20291', 'WDT 4307', 'DR18944', 'Persekutuan', 'Roller', 'BARFORD ', 'DC12', 98000, '1995', 'ALOR GAJAH', '', 'Loji', 1),
(122, '', '20234', 'WAD 1952', 'VR15977', 'Persekutuan', 'Roller', 'DYNAPAC ', 'CA15', 50000, '1984', 'JASIN ', '', 'Loji', 1),
(123, '', '20270', 'WBY 3723 ', 'SPVC17348', 'Persekutuan', 'Roller', 'HAMM ', '2310SD', 80455, '1990', 'JASIN ', '', 'Loji', 1),
(124, '', '20235', 'BAC 4188', 'DR 9237', 'Persekutuan', 'Roller', 'WATANABE ', 'WN81', 25500, '1971', 'JASIN ', '', 'Loji', 1),
(125, '', '20317', 'WV 4183', 'VR13879', 'Persekutuan', 'Roller', 'DYNAPAC ', 'CA15', 51973, '1980', 'JASIN ', '', 'Loji', 1),
(126, '', '', 'WEM 1902', 'MG19081', 'Persekutuan', 'Grader', 'CHAMPION', '710', 199920, '1996', 'JALAN', '', 'Loji', 1),
(127, '', '', 'WAA 2662', 'MG15135', 'Persekutuan', 'Grader', 'KOMATSU', 'GD500R2', 81000, '1982', 'JALAN', '', 'Loji', 1),
(128, '', '', 'WV 193', 'MG13864', 'Persekutuan', 'Grader', 'KOMATSU', 'GD500R1', 85800, '1980', 'JALAN', '', 'Loji', 1),
(129, '', '', 'WAA 2626', 'MG15134', 'Persekutuan', 'Grader', 'KOMATSU', 'GD500R2', 81000, '1982', 'M/TENGAH', '', 'Loji', 1),
(130, '', '18893', 'WL 3396', 'MG12185', 'Persekutuan', 'Grader', 'KOMATSU', 'GD376H', 71900, '1977', 'ALOR GAJAH', '', 'Loji', 1),
(131, '', '20472', 'WCC 4392', 'MG17456', 'Persekutuan', 'Grader', 'BARFORD ', 'TG12', 130392, '1990', 'ALOR GAJAH', '', 'Loji', 1),
(132, '', '20512', 'WL 3397', 'MG12186', 'Persekutuan', 'Grader', 'KOMATSU', 'GD376H', 71900, '1977', 'JASIN', '', 'Loji', 1),
(133, '', '20502', 'WCC 4389', 'MG17455', 'Persekutuan', 'Grader', 'BARFORD ', 'TG12', 130392, '1990', 'JASIN', '', 'Loji', 1),
(134, '', '20475', 'WEM 1897', 'MG19082', 'Persekutuan', 'Grader', 'CHAMPION', '710', 199920, '1996', 'JASIN', '', 'Loji', 1),
(135, '', '', 'WAF 6363', 'BHL15108', 'Persekutuan', 'Backhoe', 'CASE', '580F', 57061, '1982', 'JALAN', '', 'Loji', 1),
(136, '', '20501', 'WBN 7151', 'BHL16902', 'Persekutuan', 'Backhoe', 'CASE', '580G', 67508, '1988', 'JALAN', '', 'Loji', 1),
(137, '', '20463', 'WDQ 4744', 'BHL18846', 'Persekutuan', 'Backhoe', 'CATERPILLER', '416B', 70666, '1994', 'JALAN', '', 'Loji', 1),
(138, '', '20439', 'WBX 4695', 'BHL17306', 'Persekutuan', 'Backhoe', 'JOHN DEERE', '310C', 69638.75, '1990', 'M/TENGAH', '', 'Loji', 1),
(139, '', '20419', 'WDR 8317', 'BHL18860', 'Persekutuan', 'Backhoe', 'CATERPILLER', '416B', 70666, '1994', 'M/TENGAH', '', 'Loji', 1),
(140, '', '', 'WBY 1208', 'BHL17328', 'Persekutuan', 'Backhoe', 'JOHN DEERE', '310C', 69638.75, '1990', 'ALOR GAJAH', '', 'Loji', 1),
(141, '', '20432', 'WBK 2046', 'BHL16787', 'Persekutuan', 'Backhoe', 'CASE', '580G', 58454, '1986', 'JASIN', '', 'Loji', 1),
(142, '', '20433', 'WDS 8345', 'BHL18912', 'Persekutuan', 'Backhoe', 'CATERPILLER', '416B', 70666, '1994', 'JASIN', '', 'Loji', 1),
(143, '', '20583', 'WU 5693', 'RTS13711', 'Persekutuan', 'Shovel', 'KOMATSU', 'W70', 69880, '1980', 'JALAN', '', 'Loji', 1),
(144, '', '20614', 'WER 8949', 'RTS19104', 'Persekutuan', 'Shovel', 'KOMATSU', 'WA180-3A', 160090, '1996', 'M/TENGAH', '', 'Loji', 1),
(145, '', '20538', 'BAX 4884', 'RTS12332', 'Persekutuan', 'Shovel', 'KIMCO', 'JH60B', 71225, '1977', 'ALOR GAJAH', '', 'Loji', 1),
(146, '', '20552', 'WBV 7127', 'RTS17236', 'Persekutuan', 'Shovel', 'KOMATSU', 'WA180', 102385, '1990', 'ALOR GAJAH', '', 'Loji', 1),
(147, '', '20579', 'WU 5694', 'RTS13712', 'Persekutuan', 'Shovel', 'KOMATSU', 'W70', 69880, '1980', 'JASIN', '', 'Loji', 1),
(148, '', '20564', 'WBV 7129', 'RTS17235', 'Persekutuan', 'Shovel', 'KOMATSU', 'WA180', 102385, '1990', 'JASIN', '', 'Loji', 1),
(149, '', '20566', 'WDD 2098', 'LD18563', 'Persekutuan', 'Tipper', 'MITSUBISHI ', 'FM515-H', 91553, '1993', 'M/TENGAH', '', 'Berat', 1),
(150, '', '20573', 'WDD 5251', 'LD18585', 'Persekutuan', 'Tipper', 'MITSUBISHI ', 'FM515-H', 91553, '1993', 'M/TENGAH', '', 'Berat', 1),
(151, '', '20600', 'WCM 7742', 'LD17923', 'Persekutuan', 'Tipper', 'HINO EXT-CAB', 'FF173K', 87328, '1991', 'M/TENGAH', '', 'Berat', 1),
(152, '', '20588', 'WCM 7458', 'LD17916', 'Persekutuan', 'Tipper', 'HINO EXT-CAB', 'FF173K', 87328, '1991', 'M/TENGAH', '', 'Berat', 1),
(153, '', '20605', 'WDB 8032', 'LD18415', 'Persekutuan', 'Tipper', 'MITSUBISHI ', 'FM515H', 91553, '1993', 'JASIN', '', 'Berat', 1),
(154, '', '20596', 'WDD 2090', 'LD18562', 'Persekutuan', 'Tipper', 'MITSUBISHI ', 'FM515H', 91553, '1993', 'JASIN', '', 'Berat', 1),
(155, '', '20638', 'WCM 7734', 'LD17900', 'Persekutuan', 'Tipper', 'HINO EXT-CAB', 'FF173K', 87328, '1991', 'JASIN', '', 'Berat', 1),
(156, '', '20642', 'WCM 7913', 'LD17885', 'Persekutuan', 'Tipper', 'HINO EXT-CAB', 'FF173K', 87328, '1991', 'JASIN', '', 'Berat', 1),
(157, '', '20654', 'WDA 9685', 'LD18402', 'Persekutuan', 'Tipper', 'MITSUBISHI ', 'FM515H', 91553, '1993', 'ALOR GAJAH', '', 'Berat', 1),
(158, '', '20656', 'WCM 8247', 'LD17909', 'Persekutuan', 'Tipper', 'HINO EXT-CAB', 'FF173K', 87328, '1991', 'ALOR GAJAH', '', 'Berat', 1),
(159, '', '20657', 'WCM 7651', 'LD17832', 'Persekutuan', 'Tipper', 'HINO EXT-CAB', 'FF173K', 87328, '1991', 'ALOR GAJAH', '', 'Berat', 1),
(160, '', '20660', 'WDN 4677', 'RTA18747', 'Persekutuan', 'Tractor', 'FIAT', '55-65', 35500, '1994', 'M/TENGAH', '', 'Berat', 1),
(161, '', '20618', 'WDN 4944', 'RTA18740', 'Persekutuan', 'Tractor', 'FIAT ', '55-65', 35500, '1994', 'ALOR GAJAH', '', 'Berat', 1),
(162, '', '20699', 'WDN 4692', 'RTA18772', 'Persekutuan', 'Tractor', 'FIAT', '55-65', 35500, '1994', 'JASIN ', '', 'Berat', 1),
(163, '', '20700', 'WAK 2351', 'LL15320', 'Persekutuan', 'Low Loader', 'MITSUBISHI', 'FV315HKR', 180807, '1982', 'MEKANIKAL', '', 'Berat', 1),
(164, '', '20716', 'WCC 5733', 'UVD17477', 'Persekutuan', '4WD', 'MITSUBISHI ', 'Pajero', 38658.23, '1990', 'MEKANIKAL ', '', 'Ringan', 1),
(165, '', '', 'WCC 5764', 'UVD17489', 'Persekutuan', '4WD', 'MITSUBISHI ', 'Pajero', 38658.23, '1990', 'MEKANIKAL ', '', 'Ringan', 1),
(166, '', '', 'WCT 1451', 'UVD18025', 'Persekutuan', '4WD', 'LAND ROVER', '110 DIESEL', 60378.44, '1992', 'MEKANIKAL ', '', 'Ringan', 1),
(167, '', '', 'WCT 1454', 'UVD18039', 'Persekutuan', '4WD', 'LAND ROVER', '110 DIESEL', 60378.44, '1992', 'MEKANIKAL ', '', 'Ringan', 1),
(168, '', '21015', 'WJS 2028', 'UVP19430', 'Persekutuan', '4WD', 'ISUZU ', 'Trooper', 125000, '2001', 'MEKANIKAL ', '', 'Ringan', 1),
(169, '', '', 'WTF 3273', 'UVP 20034', 'Persekutuan', '4WD', 'NISSAN ', 'X-Trail', 97500, '2009', 'MEKANIKAL ', '', 'Ringan', 1),
(170, '', '-', 'WCS 9448', 'UVD18102', 'Persekutuan', '4WD', 'MITSUBISHI ', 'Pajero', 38658.23, '1992', 'JALAN ', '', 'Ringan', 1),
(171, '', '21035', 'WCU 3400', 'UVD18133', 'Persekutuan', '4WD', 'MITSUBISHI ', 'Pajero', 38658.23, '1992', 'JALAN ', '', 'Ringan', 1),
(172, '', '-', 'WCS 9309', 'UVD18130', 'Persekutuan', '4WD', 'MITSUBISHI ', 'Pajero', 38658.23, '1992', 'JALAN ', '', 'Ringan', 1),
(173, '', '20762', 'WCV 2420', 'UVD18228', 'Persekutuan', '4WD', 'LAND ROVER', '110 DIESEL', 60378.44, '1992', 'JALAN ', '', 'Ringan', 1),
(174, '', '20760', 'WCU 3599', 'UVD18150', 'Persekutuan', '4WD', 'MITSUBISHI ', 'Pajero', 38658.23, '1992', 'JASIN', '', 'Ringan', 1),
(175, '', '20804', 'WCB 1944', 'UVD17426', 'Persekutuan', '4WD', 'MITSUBISHI ', 'Pajero', 38658.23, '1990', 'ALOR GAJAH', '', 'Ringan', 1),
(176, '', '20802', 'WCV 2415', 'UVD18227', 'Persekutuan', '4WD', 'LAND ROVER', '110 DIESEL', 60378.44, '1992', 'ALOR GAJAH', '', 'Ringan', 1),
(177, '', '20837', 'MU 8090', 'UVD17389', 'Persekutuan', '4WD', 'MITSUBISHI ', 'Pajero', 60171.07, '1989', 'ARKITEK', '', 'Ringan', 1),
(178, '', '20843', 'WBJ 8348', 'LD16701', 'Persekutuan', 'Load Carrier', 'ISUZU', 'NKR575', 21044.09, '1986', 'MEKANIKAL', '', 'Ringan', 1),
(179, '', '20863', 'WCV 5456', 'UVD18276', 'Persekutuan', 'Load Carrier', 'ISUZU', 'TFR5445R', 27185.39, '1992', 'MEKANIKAL', '', 'Ringan', 1),
(180, '', '20862', 'WDC 7425', 'LD18518', 'Persekutuan', 'Load Carrier', 'ISUZU', 'NKR58L', 31685.9, '1993', 'JALAN', '', 'Ringan', 1),
(181, '', '20879', 'WDC 5603', 'LD18467', 'Persekutuan', 'Load Carrier', 'ISUZU', 'NKR58L', 38136.16, '1993', 'M/TENGAH', '', 'Ringan', 1),
(182, '', '20906', 'WDC 5593', 'LD18495', 'Persekutuan', 'Load Carrier', 'ISUZU', 'NKR58L', 38136.16, '1993', 'M/TENGAH', '', 'Ringan', 1),
(183, '', '20908', 'WDC 3317', 'LD18452', 'Persekutuan', 'Load Carrier', 'ISUZU', 'NKR58L', 28136.16, '1993', 'ALOR GAJAH', '', 'Ringan', 1),
(184, '', '20907', 'WDC 5601', 'LD18478', 'Persekutuan', 'Load Carrier', 'ISUZU', 'NKR58L', 38136.16, '1993', 'ALOR GAJAH', '', 'Ringan', 1),
(185, '', '20905', 'WDC 7426', 'LD18520', 'Persekutuan', 'Load Carrier', 'ISUZU', 'NKR58L', 31685.9, '1993', 'JASIN', '', 'Ringan', 1),
(186, '', '20925', 'WDC 7443', 'LD18519', 'Persekutuan', 'Load Carrier', 'ISUZU', 'NKR58L', 38136.16, '1993', 'JASIN', '', 'Ringan', 1),
(187, '', '20927', 'WX 2402', 'RT14115', 'Persekutuan', 'RECOVERY', 'BEDFORD', 'MJR1BCC', 53314, '1980', 'MEKANIKAL', '', 'Ringan', 1),
(188, '', '20947', 'WQN 750', 'UVP 19881', 'Persekutuan', '4WD', 'TOYOTA ', 'Fortuner', 101868.7, '2007', 'PENDIDIKAN', '', 'Ringan', 1),
(189, '', '20961', 'WTF 3359', 'UVP 20035', 'Persekutuan', '4WD', 'NISSAN ', 'X-Trail', 97500, '2009', 'UKUR BAHAN', '', 'Ringan', 1),
(190, '', '20948', 'WTF 3265', 'UVP 20033', 'Persekutuan', '4WD', 'NISSAN ', 'X-Trail', 97500, '2009', 'SENGGARA', '', 'Ringan', 1),
(191, '', '20990', 'WCS 9303', 'UVD18091', 'Persekutuan', '4WD', 'MITSUBISHI ', 'Pajero', 38658.23, '1992', 'ELEKTRIK', '', 'Ringan', 1),
(192, '', '20969', 'WKB 9327', 'UVD19479', 'Persekutuan', '4WD', 'ISUZU ', 'Rodeo', 76048.88, '2002', 'ELEKTRIK', '', 'Ringan', 1),
(193, '', '20949', 'WRL 4003', 'UVD19937', 'Persekutuan', '4WD', 'NISSAN ', 'Frontier', 95000, '2008', 'ELEKTRIK', '', 'Ringan', 1),
(194, '', '20962', 'WCV 5452', 'UVD18251', 'Persekutuan', 'Load Carrier', 'ISUZU', 'TFR54HSR', 27185.39, '1992', 'ELEKTRIK', '', 'Ringan', 1),
(195, '', '', 'WKA 3285', '-', 'Persekutuan', 'Saloon', 'PROTON ', 'Wira', 0, '2002', 'ELEKTRIK', '', 'Ringan', 1),
(196, '', '20970', 'WAL 9914', 'LD15593', 'Persekutuan', 'Load Carrier', 'ISUZU', 'KS32UY', 24680, '1982', 'TENTERA', '', 'Ringan', 1),
(197, '', '', 'WBF 747', 'LD16299', 'Persekutuan', 'Load Carrier', 'TOYOTA', 'WU90RMDDT3', 30356.05, '1985', 'TENTERA', '', 'Ringan', 1),
(198, '', '', 'WBK 318', 'LD16783', 'Persekutuan', 'Load Carrier', 'ISUZU', 'FSR113', 34062, '1986', 'TENTERA', '', 'Ringan', 1),
(199, '', '', 'WBM 2824', 'UVD16942', 'Persekutuan', 'Load Carrier', 'ISUZU', 'KBD26UAF', 17382.67, '1987', 'TENTERA', '', 'Ringan', 1),
(200, '', '', 'WBM 2830', 'UVD16943', 'Persekutuan', 'Load Carrier', 'ISUZU', 'KBD26UAF', 17382.67, '1987', 'TENTERA', '', 'Ringan', 1),
(201, '', '21075', 'WDP 9064', 'UVD18828', 'Persekutuan', 'Load Carrier', 'ISUZU', 'TFR54HSR', 27185.39, '1994', 'TENTERA', '', 'Ringan', 1),
(202, '', '21076', 'WFF 2959', 'UVD19231', 'Persekutuan', 'Load Carrier', 'ISUZU', 'TFR54HSR', 34915.87, '1996', 'TENTERA', '', 'Ringan', 1),
(203, '', '', 'WBP 321', 'UVD17016', 'Persekutuan', '4WD', 'MITSUBISHI ', 'Pajero', 32009.95, '1990', 'TENTERA', '', 'Ringan', 1),
(204, '', '', 'WJQ 8536', 'UVD19434', 'Persekutuan', '4WD', 'MITSUBISHI ', 'Pajero', 86976, '2001', 'TENTERA', '', 'Ringan', 1),
(205, '', '21109', 'WPQ 4184', 'UVD19785', 'Persekutuan', '4WD', 'TOYOTA ', 'Hilux', 79600, '2006', 'TENTERA', '', 'Ringan', 1),
(206, '', '21138', 'WQT 8697', 'UVP19917', 'Persekutuan', '4WD', 'NISSAN ', 'X-Trail', 84000, '2007', 'TENTERA', '', 'Ringan', 1),
(207, '', '-', 'MESIN HACKER (J)', '-', 'Negeri', '-', '-', '-', 0, '-', 'JASIN', '-', 'Mesin kecil', 1),
(208, '', '-', 'MESIN HACKER (M)', '-', 'Negeri', '', '', '-', 0, '-', 'MELAKA TENGAH', '-', 'Mesin kecil', 1),
(209, '', '-', 'MESIN CAT (M)', '-', 'Negeri', '-', '-', '-', 0, '-', 'MELAKA TENGAH', '', 'Mesin kecil', 1),
(210, '', '-', 'CHAIN SAW', '-', 'Negeri', '-', '-', '-', 0, '-', 'MELAKA TENGAH', '-', 'Mesin kecil', 1),
(211, '', '-', 'MESIN CAT (A)', '-', 'Negeri', '-', '-', '-', 0, '-', 'ALOR GAJAH', '-', 'Mesin Kecil', 1);

-- --------------------------------------------------------

--
-- Table structure for table `vehicles_status`
--

CREATE TABLE IF NOT EXISTS `vehicles_status` (
  `vs_id` int(11) NOT NULL AUTO_INCREMENT,
  `vs_desc` varchar(200) NOT NULL,
  PRIMARY KEY (`vs_id`)
) ENGINE=InnoDB  DEFAULT CHARSET=latin1 AUTO_INCREMENT=3 ;

--
-- Dumping data for table `vehicles_status`
--

INSERT INTO `vehicles_status` (`vs_id`, `vs_desc`) VALUES
(1, 'AKTIF'),
(2, 'TIDAK AKTIF');

-- --------------------------------------------------------

--
-- Table structure for table `vot_log`
--

CREATE TABLE IF NOT EXISTS `vot_log` (
  `vl_id` int(10) NOT NULL AUTO_INCREMENT,
  `c_id` int(10) NOT NULL,
  `vl_unit` varchar(200) NOT NULL,
  `lo_id` int(10) NOT NULL,
  `vl_liability` varchar(200) NOT NULL COMMENT 'liabilityofletterorder',
  PRIMARY KEY (`vl_id`)
) ENGINE=InnoDB DEFAULT CHARSET=latin1 AUTO_INCREMENT=1 ;

-- --------------------------------------------------------

--
-- Table structure for table `worker`
--

CREATE TABLE IF NOT EXISTS `worker` (
  `w_id` int(11) NOT NULL AUTO_INCREMENT,
  `w_name` varchar(200) NOT NULL,
  `bl_id` int(11) NOT NULL,
  PRIMARY KEY (`w_id`)
) ENGINE=InnoDB  DEFAULT CHARSET=latin1 AUTO_INCREMENT=54 ;

--
-- Dumping data for table `worker`
--

INSERT INTO `worker` (`w_id`, `w_name`, `bl_id`) VALUES
(1, 'fff', 1),
(2, 'tata', 2),
(3, 'tete', 2),
(10, 'HISHAM BIN ABD RAZAK', 24),
(11, 'ALIFF BIN ALIAS', 24),
(12, 'HAZMI', 35),
(13, 'REDZUAN', 35),
(14, 'KHAIRUL', 35),
(15, 'HAZMI', 36),
(16, 'KHAIRUL', 36),
(17, 'REDZUAN', 36),
(21, 'HAZMI', 44),
(22, 'REDZUAN', 44),
(23, 'KHAIRUL', 44),
(25, 'HAZMI', 62),
(26, 'KHAIRUL', 62),
(27, 'REDZUAN', 62),
(28, 'HAZMI', 63),
(29, 'KHAIRUL', 63),
(30, 'REDZUAN', 63),
(31, 'MD ZIN', 67),
(32, 'SABTU', 67),
(33, 'MD ZIN', 80),
(34, 'MD ZIN', 84),
(35, 'MD ZIN', 85),
(36, 'abidin', 88),
(37, 'MD ZAIN', 105),
(39, 'MD ZIN', 109),
(40, 'MD ZAIN', 114),
(41, 'MD ', 115),
(42, 'MD ZIN', 116),
(43, 'MD ZIN', 117),
(44, 'MD ZIN', 118),
(47, 'TAMAMI', 172),
(48, 'TAMAMI', 173),
(51, 'ANUAR MINHAT', 205);

-- --------------------------------------------------------

--
-- Table structure for table `year`
--

CREATE TABLE IF NOT EXISTS `year` (
  `y_id` int(11) NOT NULL AUTO_INCREMENT,
  `y_desc` varchar(200) NOT NULL,
  PRIMARY KEY (`y_id`)
) ENGINE=InnoDB  DEFAULT CHARSET=latin1 AUTO_INCREMENT=11 ;

--
-- Dumping data for table `year`
--

INSERT INTO `year` (`y_id`, `y_desc`) VALUES
(1, '2010'),
(2, '2011'),
(3, '2012'),
(4, '2013'),
(5, '2014'),
(6, '2015'),
(7, '2016'),
(8, '2017'),
(9, '2018'),
(10, '2019');

/*!40101 SET CHARACTER_SET_CLIENT=@OLD_CHARACTER_SET_CLIENT */;
/*!40101 SET CHARACTER_SET_RESULTS=@OLD_CHARACTER_SET_RESULTS */;
/*!40101 SET COLLATION_CONNECTION=@OLD_COLLATION_CONNECTION */;
